ticker,contractSymbol,strike,type,expiration,lastPrice,theoretical_price,mispricing,impliedVolatility,delta,theta,vega,RSI,Close,UpperBB,LowerBB,score
AAPL,AAPL250425C00100000,100.0,call,2025-04-25,97.3,97.02929863819855,0.2707013618014429,2.6181675170898435,0.9999999999840032,-2.9985209795440593,2.7397738429450835e-11,40.93430641489272,,238.34721899278924,174.05478296033579,2
AAPL,AAPL250425C00110000,110.0,call,2025-04-25,83.66,87.03422894831232,-3.3742289483123216,2.0156299609375,0.9999999944138882,-3.2983932355555408,8.292022558886614e-09,40.93430641489272,,238.34721899278924,174.05478296033579,3
AAPL,AAPL250425C00120000,120.0,call,2025-04-25,82.2,77.03916145495599,5.160838545044015,1.5234398828124998,0.9999994342359588,-3.599988021389526,7.22741949156362e-07,40.93430641489272,,238.34721899278924,174.05478296033579,3
AAPL,AAPL250425C00125000,125.0,call,2025-04-25,73.45,72.04164093284372,1.4083590671562831,1.41015919921875,0.999996107267079,-3.7593636610405317,4.5975064673671e-06,40.93430641489272,,238.34721899278924,174.05478296033579,3
AAPL,AAPL250425C00126000,126.0,call,2025-04-25,70.13,71.04214147557225,-0.9121414755722554,1.5263695556640622,0.9999944268853654,-3.793933498007722,6.477580034475017e-06,40.93430641489272,,238.34721899278924,174.05478296033579,2
AAPL,AAPL250425C00130000,130.0,call,2025-04-25,66.8,67.04418849069441,-0.2441884906944125,1.3730500097656249,0.9999784572085598,-3.955278821518532,2.3458822848654856e-05,40.93430641489272,,238.34721899278924,174.05478296033579,2
AAPL,AAPL250425C00134000,134.0,call,2025-04-25,61.4,63.04642118858834,-1.6464211885883415,1.4326200244140623,0.9999265047159338,-4.200458437230814,7.483230408210672e-05,40.93430641489272,,238.34721899278924,174.05478296033579,3
AAPL,AAPL250425C00135000,135.0,call,2025-04-25,59.96,62.04704216603591,-2.087042166035907,1.220707021484375,0.9999019261244143,-4.287310934013099,9.816201623051082e-05,40.93430641489272,,238.34721899278924,174.05478296033579,3
AAPL,AAPL250425C00136000,136.0,call,2025-04-25,69.93,61.04770411640209,8.88229588359792,1.3125034374999998,0.9998700424180166,-4.389651135350904,0.00012784708697425324,40.93430641489272,,238.34721899278924,174.05478296033579,3
AAPL,AAPL250425C00138000,138.0,call,2025-04-25,67.91,59.049200130018875,8.860799869981122,1.3251986865234373,0.9997764299178014,-4.6556424699481544,0.00021237844818979733,40.93430641489272,,238.34721899278924,174.05478296033579,3
AAPL,AAPL250425C00140000,140.0,call,2025-04-25,56.66,57.0510392294745,-0.39103922947450087,1.1171919140625,0.9996253851748934,-5.034949158193906,0.00034341877761600843,40.93430641489272,,238.34721899278924,174.05478296033579,2
AAPL,AAPL250425C00141000,141.0,call,2025-04-25,61.66,56.05214518474017,5.607854815259827,0.99023447265625,0.9995196842470419,-5.281871846684879,0.0004324474245012486,40.93430641489272,,238.34721899278924,174.05478296033579,3
AAPL,AAPL250425C00142000,142.0,call,2025-04-25,52.29,55.05341636442307,-2.7634163644230725,1.29297228515625,0.9993879575013017,-5.576614913153368,0.0005411079650827505,40.93430641489272,,238.34721899278924,174.05478296033579,3
AAPL,AAPL250425C00144000,144.0,call,2025-04-25,60.39,53.05661615640361,7.333383843596394,1.0546922265625,0.9990240039877252,-6.344338985361048,0.000831610753233206,40.93430641489272,,238.34721899278924,174.05478296033579,3
AAPL,AAPL250425C00145000,145.0,call,2025-04-25,50.13,52.05864542389463,-1.9286454238946291,0.8808605664062499,0.9987782965333366,-6.837303350358141,0.0010216635369964555,40.93430641489272,,238.34721899278924,174.05478296033579,3
AAPL,AAPL250425C00146000,146.0,call,2025-04-25,50.6,51.06104351456324,-0.46104351456323656,0.8632826171875,0.9984794222658936,-7.418104890300423,0.0012477902401424555,40.93430641489272,,238.34721899278924,174.05478296033579,2
AAPL,AAPL250425C00147000,147.0,call,2025-04-25,57.61,50.0638858363848,7.546114163615201,0.9082040429687499,0.9981179697691666,-8.099410319671257,0.0015151974564431426,40.93430641489272,,238.34721899278924,174.05478296033579,3
AAPL,AAPL250425C00148000,148.0,call,2025-04-25,47.2,49.067260190735794,-1.8672601907357915,1.1005904345703126,0.9976833058771921,-8.89493133234014,0.0018295224661205322,40.93430641489272,,238.34721899278924,174.05478296033579,3
AAPL,AAPL250425C00149000,149.0,call,2025-04-25,47.51,48.07126819871496,-0.5612681987149628,0.7695335546875001,0.9971634995988041,-9.8193724853579,0.002196812112620973,40.93430641489272,,238.34721899278924,174.05478296033579,2
AAPL,AAPL250425C00150000,150.0,call,2025-04-25,48.31,47.07602678381497,1.233973216185035,0.8261736132812498,0.9965452554810336,-10.888350914642372,0.002623490131552798,40.93430641489272,,238.34721899278924,174.05478296033579,3
AAPL,AAPL250425C00152500,152.5,call,2025-04-25,44.46,44.59213033589063,-0.13213033589062917,0.9570316796874999,0.99446882063975,-14.302482946380891,0.003995000200985765,40.93430641489272,,238.34721899278924,174.05478296033579,2
AAPL,AAPL250425C00155000,155.0,call,2025-04-25,42.12,42.116434749403766,0.003565250596231806,0.7070341796875,0.9914110873140309,-18.995229142169546,0.005892161517461478,40.93430641489272,,238.34721899278924,174.05478296033579,2
AAPL,AAPL250425C00157500,157.5,call,2025-04-25,45.25,39.652427628472935,5.597572371527065,0.87695435546875,0.9870451118572474,-25.242951817863513,0.008428888174095338,40.93430641489272,,238.34721899278924,174.05478296033579,3
AAPL,AAPL250425C00160000,160.0,call,2025-04-25,37.52,37.20459067088791,0.31540932911209296,0.710940390625,0.9809923428907746,-33.301404623379256,0.011710798688531752,40.93430641489272,,238.34721899278924,174.05478296033579,2
AAPL,AAPL250425C00165000,165.0,call,2025-04-25,31.95,32.38084745192657,-0.4308474519265708,0.6201209863281252,0.9621322333696064,-55.582027222321415,0.020813878196170962,40.93430641489272,,238.34721899278924,174.05478296033579,2
AAPL,AAPL250425C00167500,167.5,call,2025-04-25,29.95,30.019460741223497,-0.06946074122349799,0.6015664843750002,0.9484502057963071,-69.92807447767856,0.026688028043237073,40.93430641489272,,238.34721899278924,174.05478296033579,2
AAPL,AAPL250425C00170000,170.0,call,2025-04-25,27.6,27.703155341885235,-0.10315534188523401,0.5009815527343751,0.9313864375762744,-86.27863765726178,0.033391107426772496,40.93430641489272,,238.34721899278924,174.05478296033579,2
AAPL,AAPL250425C00172500,172.5,call,2025-04-25,25.25,25.44157021522821,-0.19157021522821083,0.5952188916015625,0.910603989591805,-104.34844707289898,0.040807323962736126,40.93430641489272,,238.34721899278924,174.05478296033579,2
AAPL,AAPL250425C00175000,175.0,call,2025-04-25,24.1,23.24489785847601,0.855102141523993,0.5302781347656251,0.8858616547570117,-123.70231678872533,0.04875931850131524,40.93430641489272,,238.34721899278924,174.05478296033579,2
AAPL,AAPL250425C00177500,177.5,call,2025-04-25,20.4,21.123552547163143,-0.7235525471631448,0.516606396484375,0.8570405829843679,-143.77141019850623,0.057014752154419646,40.93430641489272,,238.34721899278924,174.05478296033579,2
AAPL,AAPL250425C00180000,180.0,call,2025-04-25,17.75,19.087792446691395,-1.3377924466913953,0.5300339965820313,0.8241639023151043,-163.88375669775442,0.06529874089342569,40.93430641489272,,238.34721899278924,174.05478296033579,3
AAPL,AAPL250425C00182500,182.5,call,2025-04-25,15.2,17.147321233712916,-1.9473212337129162,0.5178270874023438,0.7874070733331573,-183.30632405183397,0.0733110406118892,40.93430641489272,,238.34721899278924,174.05478296033579,3
AAPL,AAPL250425C00185000,185.0,call,2025-04-25,13.25,15.310897627610899,-2.060897627610899,0.4885305053710938,0.7470976770871348,-201.29441535771625,0.08074625488051967,40.93430641489272,,238.34721899278924,174.05478296033579,3
AAPL,AAPL250425C00187500,187.5,call,2025-04-25,11.23,13.585980919224582,-2.3559809192245815,0.4572808178710938,0.7037044598599641,-217.14324445153815,0.08731496048782333,40.93430641489272,,238.34721899278924,174.05478296033579,3
AAPL,AAPL250425C00190000,190.0,call,2025-04-25,9.05,11.978437317843259,-2.928437317843258,0.44312080322265623,0.6578165782237789,-230.23636899925117,0.09276357166319815,40.93430641489272,,238.34721899278924,174.05478296033579,3
AAPL,AAPL250425C00192500,192.5,call,2025-04-25,7.4,10.492326239378599,-3.0923262393785986,0.4249325085449219,0.6101149521683861,-240.0862117416827,0.0968909870290934,40.93430641489272,,238.34721899278924,174.05478296033579,3
AAPL,AAPL250425C00195000,195.0,call,2025-04-25,5.67,9.129778339217253,-3.4597783392172534,0.40552352294921873,0.5613383250099909,-246.36304359522833,0.09956052935023751,40.93430641489272,,238.34721899278924,174.05478296033579,3
AAPL,AAPL250425C00197500,197.5,call,2025-04-25,4.27,7.8909691054196145,-3.620969105419615,0.39111937011718745,0.5122469792807711,-248.91032110879576,0.10070630865817054,40.93430641489272,,238.34721899278924,174.05478296033579,2
AAPL,AAPL250425C00200000,200.0,call,2025-04-25,3.05,6.774184114034881,-3.7241841140348813,0.3794007373046875,0.4635870563385127,-247.74591378041208,0.10033381151494128,40.93430641489272,,238.34721899278924,174.05478296033579,1
AAPL,AAPL250425C00202500,202.5,call,2025-04-25,2.11,5.775965409671883,-3.6659654096718834,0.366217275390625,0.41605811256252245,-243.05028487956395,0.09851514513850183,40.93430641489272,,238.34721899278924,174.05478296033579,1
AAPL,AAPL250425C00205000,205.0,call,2025-04-25,1.37,4.891323481467111,-3.5213234814671113,0.3591372680664062,0.37028599242041754,-235.1439135463432,0.09537986726935235,40.93430641489272,,238.34721899278924,174.05478296033579,1
AAPL,AAPL250425C00207500,207.5,call,2025-04-25,0.89,4.113996255220407,-3.2239962552204067,0.35474278076171867,0.3268024044267247,-224.4570492541041,0.0911026629964925,40.93430641489272,,238.34721899278924,174.05478296033579,1
AAPL,AAPL250425P00190000,190.0,put,2025-04-25,2.09,4.904766060141611,-2.8147660601416113,0.4226131958007812,-0.3421834217762211,-224.53917926515604,0.09276357166319815,40.93430641489272,,238.34721899278924,174.05478296033579,2
AAPL,AAPL250425P00192500,192.5,put,2025-04-25,2.75,5.917422408911676,-3.1674224089116763,0.4062559375,-0.38988504783161393,-234.31405898477053,0.0968909870290934,40.93430641489272,,238.34721899278924,174.05478296033579,2
AAPL,AAPL250425P00195000,195.0,put,2025-04-25,3.6,7.053641935985027,-3.453641935985027,0.39502558105468755,-0.4386616749900091,-240.51592781549914,0.09956052935023751,40.93430641489272,,238.34721899278924,174.05478296033579,1
AAPL,AAPL250425P00197500,197.5,put,2025-04-25,4.7,8.313600129422113,-3.613600129422113,0.3850159155273437,-0.4877530207192288,-242.98824230624953,0.10070630865817054,40.93430641489272,,238.34721899278924,174.05478296033579,1
AAPL,AAPL250425P00200000,200.0,put,2025-04-25,5.85,9.695582565272048,-3.845582565272048,0.36890279541015625,-0.5364129436614873,-241.7488719550488,0.10033381151494128,40.93430641489272,,238.34721899278924,174.05478296033579,2
AAPL,AAPL250425P00202500,202.5,put,2025-04-25,7.42,11.196131288143775,-3.776131288143775,0.36829244995117194,-0.5839418874374775,-236.9782800313836,0.09851514513850183,40.93430641489272,,238.34721899278924,174.05478296033579,2
AAPL,AAPL250425P00205000,205.0,put,2025-04-25,9.46,12.810256787173714,-3.350256787173713,0.36255520263671875,-0.6297140075795824,-228.99694567534584,0.09537986726935235,40.93430641489272,,238.34721899278924,174.05478296033579,2
AAPL,AAPL250425P00207500,207.5,put,2025-04-25,11.95,14.531696988161713,-2.5816969881617133,0.3850159155273437,-0.6731975955732753,-218.2351183602897,0.0911026629964925,40.93430641489272,,238.34721899278924,174.05478296033579,2
AAPL,AAPL250425P00210000,210.0,put,2025-04-25,13.59,16.353203607630974,-2.763203607630974,0.3957579956054688,-0.7139681506889114,-205.19833986477357,0.08588927230947765,40.93430641489272,,238.34721899278924,174.05478296033579,2
AAPL,AAPL250425P00212500,212.5,put,2025-04-25,15.4,18.266836919223408,-2.8668369192234078,0.40112903564453123,-0.7517141413959736,-190.43208530066997,0.07996203961648643,40.93430641489272,,238.34721899278924,174.05478296033579,3
AAPL,AAPL250425P00215000,215.0,put,2025-04-25,18.0,20.26425211199782,-2.26425211199782,0.4731497998046875,-0.7862360767552967,-174.48844703347143,0.07354628288461715,40.93430641489272,,238.34721899278924,174.05478296033579,3
AAPL,AAPL250425P00217500,217.5,put,2025-04-25,19.5,22.336963531674996,-2.8369635316749964,0.507817421875,-0.81743993325171,-157.89712640435636,0.06685841150794639,40.93430641489272,,238.34721899278924,174.05478296033579,3
AAPL,AAPL250425P00220000,220.0,put,2025-04-25,22.7,24.476576729905133,-1.776576729905134,0.5883830224609375,-0.8453262389318028,-141.1422280427501,0.060096407558756955,40.93430641489272,,238.34721899278924,174.05478296033579,3
AAPL,AAPL250425P00222500,222.5,put,2025-04-25,24.5,26.67498198240841,-2.1749819824084113,0.5312546875,-0.8699762115986818,-124.64557913991761,0.05343296929789575,40.93430641489272,,238.34721899278924,174.05478296033579,3
AAPL,AAPL250425P00225000,225.0,put,2025-04-25,27.94,28.92450643123152,-0.9845064312315195,0.6518589501953126,-0.8915363047701176,-108.75660682824655,0.047011333744567986,40.93430641489272,,238.34721899278924,174.05478296033579,2
AAPL,AAPL250425P00227500,227.5,put,2025-04-25,31.6,31.218025014087743,0.3819749859122581,0.6801789794921876,-0.910202367492629,-93.74825698503342,0.040943569810504794,40.93430641489272,,238.34721899278924,174.05478296033579,2
AAPL,AAPL250425P00230000,230.0,put,2025-04-25,33.0,33.54903272082373,-0.5490327208237318,0.7182645361328125,-0.9262044087744628,-79.81805405919579,0.03531097600290606,40.93430641489272,,238.34721899278924,174.05478296033579,2
AAPL,AAPL250425P00235000,235.0,put,2025-04-25,37.0,38.300793465309994,-1.3007934653099937,0.7246121289062499,-0.9512257747199571,-55.6384236981983,0.025536089752112398,40.93430641489272,,238.34721899278924,174.05478296033579,3
AAPL,AAPL250425P00240000,240.0,put,2025-04-25,34.15,43.14090320990803,-8.990903209908033,0.5644574804687501,-0.9686438329491013,-36.54475953623257,0.01782495700658326,40.93430641489272,,238.34721899278924,174.05478296033579,3
AAPL,AAPL250425P00245000,245.0,put,2025-04-25,42.45,48.04028288727622,-5.590282887276217,0.8378922460937499,-0.9803666124080257,-22.184573231636584,0.012037604737961843,40.93430641489272,,238.34721899278924,174.05478296033579,3
AAPL,AAPL250425P00250000,250.0,put,2025-04-25,53.0,52.978164655687465,0.0218353443125352,0.8989267919921874,-0.9880113008909345,-11.834543499932973,0.00788172287104245,40.93430641489272,,238.34721899278924,174.05478296033579,2
AAPL,AAPL250425P00255000,255.0,put,2025-04-25,57.1,57.94031584915439,-0.8403158491543863,0.937500625,-0.9928516031439752,-4.647134836110735,0.0050134255777929525,40.93430641489272,,238.34721899278924,174.05478296033579,2
TSLA,TSLA250425C00050000,50.0,call,2025-04-25,189.21,191.39464657249346,-2.184646572493449,4.140629824218751,1.0,-1.4992604563408218,5.680137981613067e-26,43.613961675018615,,293.06490223253763,223.18610026990385,3
TSLA,TSLA250425C00070000,70.0,call,2025-04-25,170.81,171.40450715461583,-0.594507154615826,5.20898786376953,1.0,-2.098964638877494,9.664889019729391e-17,43.613961675018615,,293.06490223253763,223.18610026990385,2
TSLA,TSLA250425C00075000,75.0,call,2025-04-25,166.15,166.4069723001464,-0.25697230014640127,4.812503984374999,0.9999999999999983,-2.2488906845256103,4.048638407481829e-15,43.613961675018615,,293.06490223253763,223.18610026990385,2
TSLA,TSLA250425C00080000,80.0,call,2025-04-25,160.27,161.4094374456772,-1.1394374456772027,4.270512474365233,0.9999999999999531,-2.3988167305358536,1.0998037552119717e-13,43.613961675018615,,293.06490223253763,223.18610026990385,3
TSLA,TSLA250425C00090000,90.0,call,2025-04-25,150.26,151.41436773680948,-1.1543677368094905,4.138676701660157,0.999999999986602,-2.698668921625946,2.8223904810307788e-11,43.613961675018615,,293.06490223253763,223.18610026990385,3
TSLA,TSLA250425C00095000,95.0,call,2025-04-25,145.32,146.41683288309062,-1.0968328830906273,3.9331056359863283,0.9999999998533573,-2.8485959068975935,2.928802640378696e-10,43.613961675018615,,293.06490223253763,223.18610026990385,3
TSLA,TSLA250425C00100000,100.0,call,2025-04-25,140.24,141.41929803524914,-1.1792980352491327,2.0781298046874994,0.9999999987380893,-2.9985293967094515,2.3897191537938176e-09,43.613961675018615,,293.06490223253763,223.18610026990385,3
TSLA,TSLA250425C00105000,105.0,call,2025-04-25,135.29,136.4217632279987,-1.1317632279987038,3.4335951660156248,0.9999999912081187,-3.148502998422657,1.578594526470898e-08,43.613961675018615,,293.06490223253763,223.18610026990385,3
TSLA,TSLA250425C00110000,110.0,call,2025-04-25,130.27,131.4242286517843,-1.1542286517842797,3.1796895507812497,0.99999994916557,-3.2986801513289383,8.652606143802244e-08,43.613961675018615,,293.06490223253763,223.18610026990385,3
TSLA,TSLA250425C00120000,120.0,call,2025-04-25,119.49,121.42916626432198,-1.9391662643219831,2.2402387744140624,0.9999989466952821,-3.603938205033174,1.6096641076182239e-06,43.613961675018615,,293.06490223253763,223.18610026990385,3
TSLA,TSLA250425C00125000,125.0,call,2025-04-25,116.77,116.43165364179065,0.3383463582093498,2.486331909179688,0.9999960969421307,-3.7681952224507436,5.647852468757501e-06,43.613961675018615,,293.06490223253763,223.18610026990385,2
TSLA,TSLA250425C00130000,130.0,call,2025-04-25,110.58,111.43419257376033,-0.8541925737603293,2.3789103027343748,0.9999871542241487,-3.960499565131674,1.7590348626010587e-05,43.613961675018615,,293.06490223253763,223.18610026990385,2
TSLA,TSLA250425C00135000,135.0,call,2025-04-25,105.68,106.43687733884605,-0.7568773388460386,2.2734418164062498,0.9999620074022958,-4.222572311289244,4.919728563670966e-05,43.613961675018615,,293.06490223253763,223.18610026990385,2
TSLA,TSLA250425C00140000,140.0,call,2025-04-25,102.25,101.4399348678649,0.8100651321350938,1.8447273388671874,0.9998979834592863,-4.640792690966458,0.00012482062827837674,43.613961675018615,,293.06490223253763,223.18610026990385,2
TSLA,TSLA250425C00145000,145.0,call,2025-04-25,111.4,96.44386143444177,14.956138565558234,1.2500037499999999,0.999749046834576,-5.376149635281923,0.00028985456758009667,43.613961675018615,,293.06490223253763,223.18610026990385,3
TSLA,TSLA250425C00150000,150.0,call,2025-04-25,91.6,91.44965112120283,0.15034887879716052,1.6367205664062499,0.9994299273214786,-6.70033329481688,0.000620924578057635,43.613961675018615,,293.06490223253763,223.18610026990385,2
TSLA,TSLA250425C00152500,152.5,call,2025-04-25,94.67,88.95377370117262,5.7162262988273795,0.9687503125,0.9991641944214406,-7.707117228316113,0.0008836696120854326,43.613961675018615,,293.06490223253763,223.18610026990385,3
TSLA,TSLA250425C00155000,155.0,call,2025-04-25,86.56,86.45914087348322,0.10085912651678086,1.3496126269531248,0.998795626054571,-9.030223356114679,0.001235635795082946,43.613961675018615,,293.06490223253763,223.18610026990385,2
TSLA,TSLA250425C00160000,160.0,call,2025-04-25,82.0,81.47548180847153,0.5245181915284718,1.5048852880859376,0.997618602788048,-12.948482031208625,0.002298417561347874,43.613961675018615,,293.06490223253763,223.18610026990385,2
TSLA,TSLA250425C00165000,165.0,call,2025-04-25,76.11,76.50371952955186,-0.3937195295518592,1.2744176904296873,0.9955679897454554,-19.196039866592706,0.00401845646453111,43.613961675018615,,293.06490223253763,223.18610026990385,2
TSLA,TSLA250425C00167500,167.5,call,2025-04-25,74.0,74.02455144089143,-0.02455144089142891,1.158207333984375,0.9940799995780273,-23.457417998161745,0.0051995527316430045,43.613961675018615,,293.06490223253763,223.18610026990385,2
TSLA,TSLA250425C00170000,170.0,call,2025-04-25,71.88,71.55143147175534,0.3285685282446593,1.1171919140625,0.9921966918154699,-28.624900620353984,0.006636449072031965,43.613961675018615,,293.06490223253763,223.18610026990385,2
TSLA,TSLA250425C00175000,175.0,call,2025-04-25,65.87,66.62933502754416,-0.7593350275441537,1.1884806201171876,0.9869424860530014,-42.107346989693035,0.01039905874173405,43.613961675018615,,293.06490223253763,223.18610026990385,2
TSLA,TSLA250425C00177500,177.5,call,2025-04-25,72.23,64.18393660791446,8.046063392085543,1.3422884448242183,0.9834065616048332,-50.61597299457411,0.012779627744941268,43.613961675018615,,293.06490223253763,223.18610026990385,3
TSLA,TSLA250425C00180000,180.0,call,2025-04-25,60.87,61.75175672560374,-0.8817567256037435,1.2793004785156248,0.9791477884934752,-60.40875043246726,0.01552309279308757,43.613961675018615,,293.06490223253763,223.18610026990385,2
TSLA,TSLA250425C00182500,182.5,call,2025-04-25,60.58,59.3351859422921,1.2448140577078988,1.2802770361328122,0.9740756507031667,-71.54077274082901,0.01864515969381783,43.613961675018615,,293.06490223253763,223.18610026990385,3
TSLA,TSLA250425C00185000,185.0,call,2025-04-25,57.01,56.936849087436,0.07315091256399597,1.0976607617187502,0.9680997017078093,-84.04257797607555,0.022154627132969795,43.613961675018615,,293.06490223253763,223.18610026990385,2
TSLA,TSLA250425C00187500,187.5,call,2025-04-25,49.58,54.55959208822614,-4.979592088226141,1.2241249731445314,0.9611317121168141,-97.91655497484209,0.026052371017241387,43.613961675018615,,293.06490223253763,223.18610026990385,3
TSLA,TSLA250425C00190000,190.0,call,2025-04-25,53.2,52.20646238123939,0.9935376187606124,1.1367230664062502,0.9530879344463081,-113.1341509926325,0.030330554029548786,43.613961675018615,,293.06490223253763,223.18610026990385,2
TSLA,TSLA250425C00192500,192.5,call,2025-04-25,49.1,49.88068308040113,-0.7806830804011256,1.1281781872558594,0.9438914052737416,-129.63405141654485,0.03497210856048309,43.613961675018615,,293.06490223253763,223.18610026990385,2
TSLA,TSLA250425C00195000,195.0,call,2025-04-25,46.86,47.5856213203553,-0.7256213203553017,1.0385790258789065,0.9334742005797078,-147.3214557989469,0.039950528149324475,43.613961675018615,,293.06490223253763,223.18610026990385,2
TSLA,TSLA250425C00197500,197.5,call,2025-04-25,45.07,45.32475142397675,-0.25475142397674944,1.068608172607422,0.9217795599764615,-166.06852055839093,0.04522998740463229,43.613961675018615,,293.06490223253763,223.18610026990385,2
TSLA,TSLA250425C00200000,200.0,call,2025-04-25,43.2,43.101613745783624,0.09838625421637914,1.05078599609375,0.9087637997155934,-185.71598094102356,0.05076579411807677,43.613961675018615,,293.06490223253763,223.18610026990385,2
TSLA,TSLA250425C00202500,202.5,call,2025-04-25,40.55,40.919770209529645,-0.3697702095296478,0.9631351342773438,0.8943979425259017,-206.07590705125918,0.05650516101158692,43.613961675018615,,293.06490223253763,223.18610026990385,2
TSLA,TSLA250425C00205000,205.0,call,2025-04-25,37.49,38.782757680868144,-1.2927576808681422,0.9841310180664062,0.878669003886034,-226.93549458054017,0.06238826929119325,43.613961675018615,,293.06490223253763,223.18610026990385,3
TSLA,TSLA250425C00207500,207.5,call,2025-04-25,36.93,36.694040390028306,0.23595960997169385,1.0200244311523439,0.861580888530681,-248.0617434726022,0.06834958281877827,43.613961675018615,,293.06490223253763,223.18610026990385,2
TSLA,TSLA250425C00210000,210.0,call,2025-04-25,33.64,34.65696264318595,-1.0169626431859484,0.9765627343750001,0.8431548669508871,-269.20683969231607,0.07431936096878791,43.613961675018615,,293.06490223253763,223.18610026990385,3
TSLA,TSLA250425C00212500,212.5,call,2025-04-25,31.95,32.67470303566529,-0.7247030356652893,0.9772951489257813,0.8234296184541401,-290.1140282549615,0.0802253106028469,43.613961675018615,,293.06490223253763,223.18610026990385,2
TSLA,TSLA250425C00215000,215.0,call,2025-04-25,30.5,30.7502313088236,-0.2502313088236008,0.992187578125,0.802460844087745,-310.5237506224148,0.08599431332591197,43.613961675018615,,293.06490223253763,223.18610026990385,2
TSLA,TSLA250425C00217500,217.5,call,2025-04-25,27.48,28.886268881090388,-1.4062688810903872,0.965820654296875,0.780320468560099,-330.1798165526416,0.09155416330466229,43.613961675018615,,293.06490223253763,223.18610026990385,3
TSLA,TSLA250425C00220000,220.0,call,2025-04-25,25.53,27.085253939381147,-1.5552539393811458,0.9592289233398437,0.7570954644966362,-348.8353888177667,0.09683525324210686,43.613961675018615,,293.06490223253763,223.18610026990385,3
TSLA,TSLA250425C00222500,222.5,call,2025-04-25,24.22,25.349311808268965,-1.129311808268966,0.9497075341796875,0.7328863443684683,-366.25857757418567,0.10177215124462956,43.613961675018615,,293.06490223253763,223.18610026990385,3
TSLA,TSLA250425C00225000,225.0,call,2025-04-25,22.65,23.680231129632205,-1.030231129632206,0.9416509741210937,0.7078053748297041,-382.2374677917863,0.10630501878786244,43.613961675018615,,293.06490223253763,223.18610026990385,3
TSLA,TSLA250425C00227500,227.5,call,2025-04-25,20.8,22.07944619374024,-1.2794461937402382,0.9343268286132812,0.6819745747666858,-396.5844359391584,0.1103808291985966,43.613961675018615,,293.06490223253763,223.18610026990385,3
TSLA,TSLA250425C00230000,230.0,call,2025-04-25,19.29,20.548025572133838,-1.258025572133839,0.9257819921875,0.6555235620404205,-409.13964885131344,0.11395435639517104,43.613961675018615,,293.06490223253763,223.18610026990385,3
TSLA,TSLA250425C00232500,232.5,call,2025-04-25,17.75,19.086667020597076,-1.3366670205970763,0.9176033630371094,0.6285873147863682,-419.7736761676849,0.11698891444699115,43.613961675018615,,293.06490223253763,223.18610026990385,3
TSLA,TSLA250425C00235000,235.0,call,2025-04-25,16.2,17.695698453256625,-1.495698453256626,0.9097909411621092,0.6013039114466098,-428.3891858637444,0.11945683924576436,43.613961675018615,,293.06490223253763,223.18610026990385,3
TSLA,TSLA250425C00237500,237.5,call,2025-04-25,14.75,16.37508464133134,-1.6250846413313411,0.900269552001953,0.5738123097724147,-434.9217284070031,0.12133971371895148,43.613961675018615,,293.06490223253763,223.18610026990385,3
TSLA,TSLA250425C00240000,240.0,call,2025-04-25,13.36,15.124439165856444,-1.7644391658564444,0.8942881665039062,0.5462502192450647,-439.33964747265316,0.12262834714407946,43.613961675018615,,293.06490223253763,223.18610026990385,3
TSLA,TSLA250425C00242500,242.5,call,2025-04-25,12.07,13.943041054990317,-1.873041054990317,0.8863536755371093,0.5187521141549161,-441.6431828491613,0.1233225269287572,43.613961675018615,,293.06490223253763,223.18610026990385,3
TSLA,TSLA250425C00245000,245.0,call,2025-04-25,10.9,12.8298554641583,-1.9298554641582992,0.8784191845703124,0.4914474264010363,-441.86285342359423,0.12343056750026063,43.613961675018615,,293.06490223253763,223.18610026990385,2
TSLA,TSLA250425C00247500,247.5,call,2025-04-25,9.75,11.783557710986784,-2.033557710986784,0.8718274536132812,0.4644589483623574,-440.0572246009846,0.12296868559840808,43.613961675018615,,293.06490223253763,223.18610026990385,2
TSLA,TSLA250425C00250000,250.0,call,2025-04-25,8.65,10.802559955431718,-2.152559955431718,0.8634046862792968,0.43790146735011726,-436.31017515573745,0.12196023427801056,43.613961675018615,,293.06490223253763,223.18610026990385,2
TSLA,TSLA250425C00252500,252.5,call,2025-04-25,7.67,9.885039816602571,-2.2150398166025713,0.8566908862304687,0.4118806445369755,-430.7277835956145,0.12043482937477613,43.613961675018615,,293.06490223253763,223.18610026990385,2
TSLA,TSLA250425C00255000,255.0,call,2025-04-25,6.77,9.028970238818943,-2.258970238818943,0.8498550170898438,0.38649214316959724,-423.4349541287977,0.11842740220800815,43.613961675018615,,293.06490223253763,223.18610026990385,2
TSLA,TSLA250425C00257500,257.5,call,2025-04-25,5.95,8.232149957315826,-2.282149957315826,0.8410660424804688,0.3618210035443471,-414.57189791892483,0.11597721106911225,43.613961675018615,,293.06490223253763,223.18610026990385,2
TSLA,TSLA250425C00260000,260.0,call,2025-04-25,5.19,7.492233965427133,-2.302233965427132,0.8344743115234373,0.33794125583109313,-404.29057725738693,0.11312684179184782,43.613961675018615,,293.06490223253763,223.18610026990385,2
TSLA,TSLA250425C00262500,262.5,call,2025-04-25,4.53,6.8067634466852525,-2.276763446685252,0.8262956823730467,0.314915756476437,-392.75120939511623,0.10992122464847752,43.613961675018615,,293.06490223253763,223.18610026990385,2
TSLA,TSLA250425P00227500,227.5,put,2025-04-25,6.85,8.097286954910714,-1.2472869549107148,0.91211025390625,-0.31802542523331423,-389.7628008628077,0.1103808291985966,43.613961675018615,,293.06490223253763,223.18610026990385,2
TSLA,TSLA250425P00230000,230.0,put,2025-04-25,7.65,9.06463376053901,-1.4146337605390098,0.90429783203125,-0.3444764379595795,-402.2430507521457,0.11395435639517104,43.613961675018615,,293.06490223253763,223.18610026990385,2
TSLA,TSLA250425P00232500,232.5,put,2025-04-25,8.6,10.102042636236973,-1.5020426362369736,0.8968516174316405,-0.3714126852136318,-412.8021150457001,0.11698891444699115,43.613961675018615,,293.06490223253763,223.18610026990385,2
TSLA,TSLA250425P00235000,235.0,put,2025-04-25,9.65,11.20984149613119,-1.55984149613119,0.8894054028320311,-0.3986960885533902,-421.34266171894257,0.11945683924576436,43.613961675018615,,293.06490223253763,223.18610026990385,2
TSLA,TSLA250425P00237500,237.5,put,2025-04-25,10.7,12.387995111440603,-1.6879951114406033,0.883790224609375,-0.4261876902275853,-427.8002412393842,0.12133971371895148,43.613961675018615,,293.06490223253763,223.18610026990385,2
TSLA,TSLA250425P00240000,240.0,put,2025-04-25,11.75,13.636117063200416,-1.886117063200416,0.8745129736328124,-0.45374978075493533,-432.1431972822172,0.12262834714407946,43.613961675018615,,293.06490223253763,223.18610026990385,2
TSLA,TSLA250425P00242500,242.5,put,2025-04-25,13.05,14.953486379568986,-1.9034863795689851,0.8685315881347657,-0.481247885845084,-434.3717696359083,0.1233225269287572,43.613961675018615,,293.06490223253763,223.18610026990385,2
TSLA,TSLA250425P00245000,245.0,put,2025-04-25,14.29,16.339068215971693,-2.049068215971694,0.8587660607910157,-0.5085525735989637,-434.5164771875242,0.12343056750026063,43.613961675018615,,293.06490223253763,223.18610026990385,3
TSLA,TSLA250425P00247500,247.5,put,2025-04-25,15.73,17.791537890034874,-2.0615378900348738,0.8520522607421875,-0.5355410516376425,-432.6358853420976,0.12296868559840808,43.613961675018615,,293.06490223253763,223.18610026990385,3
TSLA,TSLA250425P00250000,250.0,put,2025-04-25,17.0,19.30930756171452,-2.309307561714519,0.8452163916015624,-0.5620985326498827,-428.81387287403334,0.12196023427801056,43.613961675018615,,293.06490223253763,223.18610026990385,3
TSLA,TSLA250425P00252500,252.5,put,2025-04-25,18.55,20.890554850120083,-2.340554850120082,0.8398453515625,-0.5881193554630245,-423.15651829109333,0.12043482937477613,43.613961675018615,,293.06490223253763,223.18610026990385,3
TSLA,TSLA250425P00255000,255.0,put,2025-04-25,20.1,22.533252699571136,-2.4332526995711348,0.8287370642089842,-0.6135078568304028,-415.78872580145946,0.11842740220800815,43.613961675018615,,293.06490223253763,223.18610026990385,3
TSLA,TSLA250425P00257500,257.5,put,2025-04-25,21.85,24.23519984530273,-2.385199845302729,0.823243955078125,-0.6381789964556529,-406.85070656876957,0.11597721106911225,43.613961675018615,,293.06490223253763,223.18610026990385,3
TSLA,TSLA250425P00260000,260.0,put,2025-04-25,23.7,25.994051280648762,-2.2940512806487625,0.8157977404785155,-0.6620587441689069,-396.4944228844147,0.11312684179184782,43.613961675018615,,293.06490223253763,223.18610026990385,3
TSLA,TSLA250425P00262500,262.5,put,2025-04-25,26.0,27.80734818914155,-1.8073481891415497,0.8044453149414061,-0.685084243523563,-384.88009199932696,0.10992122464847752,43.613961675018615,,293.06490223253763,223.18610026990385,3
TSLA,TSLA250425P00265000,265.0,put,2025-04-25,27.46,29.672546873526528,-2.2125468735265272,0.797853583984375,-0.7072037703442352,-372.1728334613803,0.10640669119675368,43.613961675018615,,293.06490223253763,223.18610026990385,3
TSLA,TSLA250425P00267500,267.5,put,2025-04-25,30.76,31.587046286187018,-0.8270462861870165,0.78711150390625,-0.728376507926574,-358.53952968514193,0.10263009073708844,43.613961675018615,,293.06490223253763,223.18610026990385,2
TSLA,TSLA250425P00270000,270.0,put,2025-04-25,31.3,33.54821383918812,-2.2482138391881215,0.8012715185546875,-0.7485721627104416,-344.1459548554819,0.0986379819292094,43.613961675018615,,293.06490223253763,223.18610026990385,3
TSLA,TSLA250425P00272500,272.5,put,2025-04-25,33.42,35.55340924472233,-2.13340924472233,0.8007832421875,-0.7677704453957055,-329.15421276232297,0.09447591103961267,43.613961675018615,,293.06490223253763,223.18610026990385,3
TSLA,TSLA250425P00275000,275.0,put,2025-04-25,35.7,37.60000620621278,-1.9000062062127796,0.7858908129882812,-0.7859604427459613,-313.7205103030568,0.09018778439237922,43.613961675018615,,293.06490223253763,223.18610026990385,3
TSLA,TSLA250425P00277500,277.5,put,2025-04-25,38.8,39.6854118451393,-0.885411845139302,0.8190936059570311,-0.8031399048476509,-297.9932805840142,0.08581533899261208,43.613961675018615,,293.06490223253763,223.18610026990385,2
TSLA,TSLA250425P00280000,280.0,put,2025-04-25,41.2,41.8070838076319,-0.607083807631895,0.7819846020507812,-0.8193144714870215,-282.11165810529997,0.08139771206922257,43.613961675018615,,293.06490223253763,223.18610026990385,2
TSLA,TSLA250425P00282500,282.5,put,2025-04-25,41.7,43.96254504722958,-2.2625450472295796,0.8073749731445312,-0.8344968597041966,-266.20429862282447,0.07697110749816163,43.613961675018615,,293.06490223253763,223.18610026990385,3
TSLA,TSLA250425P00285000,285.0,put,2025-04-25,46.0,46.149396325468814,-0.14939632546881398,0.8027363476562499,-0.8487060326080531,-250.38852805182108,0.07256855474806724,43.613961675018615,,293.06490223253763,223.18610026990385,2
TSLA,TSLA250425P00287500,287.5,put,2025-04-25,47.05,48.36532650998089,-1.315326509980892,0.7868673657226561,-0.8619663673056999,-234.76979823011447,0.0682197541442716,43.613961675018615,,293.06490223253763,223.18610026990385,3
TSLA,TSLA250425P00290000,290.0,put,2025-04-25,49.31,50.60812078062577,-1.2981207806257657,0.7729514892578125,-0.8743068374234362,-219.4414224513498,0.06395100086158911,43.613961675018615,,293.06490223253763,223.18610026990385,3
TSLA,TSLA250425P00292500,292.5,put,2025-04-25,52.65,52.87566687816056,-0.22566687816055975,0.8981943774414061,-0.8857602232663573,-204.48456030910256,0.059785179103566025,43.613961675018615,,293.06490223253763,223.18610026990385,2
TSLA,TSLA250425P00295000,295.0,put,2025-04-25,55.55,55.16595954747967,0.38404045252032404,0.735354208984375,-0.8963623602613758,-189.96841942313353,0.05574181736694007,43.613961675018615,,293.06490223253763,223.18610026990385,2
TSLA,TSLA250425P00297500,297.5,put,2025-04-25,57.25,57.477103339131304,-0.22710333913130398,0.9321295849609376,-0.9061514340187773,-175.9506408831875,0.05183719547840633,43.613961675018615,,293.06490223253763,223.18610026990385,2
TSLA,TSLA250425P00300000,300.0,put,2025-04-25,59.2,59.80731393925143,-0.6073139392514264,0.8183611914062499,-0.9151673281817041,-162.47783556251588,0.04808449417555776,43.613961675018615,,293.06490223253763,223.18610026990385,2
TSLA,TSLA250425P00302500,302.5,put,2025-04-25,52.45,62.154918199933576,-9.704918199933573,0.9609378906249999,-0.9234510292488068,-149.58623963645573,0.04449397833273653,43.613961675018615,,293.06490223253763,223.18610026990385,3
TSLA,TSLA250425P00305000,305.0,put,2025-04-25,65.07,64.51835304007062,0.5516469599293714,0.79101771484375,-0.9310440907779836,-137.30245950761528,0.041073205453978,43.613961675018615,,293.06490223253763,223.18610026990385,2
TSLA,TSLA250425P00307500,307.5,put,2025-04-25,66.2,66.89616338153095,-0.6961633815309511,0.8251970605468748,-0.9379881578230501,-125.6442787146642,0.03782725172037652,43.613961675018615,,293.06490223253763,223.18610026990385,2
TSLA,TSLA250425P00310000,310.0,put,2025-04-25,69.35,69.28699927782426,0.0630007221757296,0.8359391406249999,-0.9443245511253019,-114.62150212680552,0.034758948643161855,43.613961675018615,,293.06490223253763,223.18610026990385,2
TSLA,TSLA250425P00312500,312.5,put,2025-04-25,68.0,71.6896123827672,-3.6896123827671943,0.8320329296874999,-0.9500939094755027,-104.2368156585326,0.0318691241965422,43.613961675018615,,293.06490223253763,223.18610026990385,3
TSLA,TSLA250425P00315000,315.0,put,2025-04-25,73.94,74.10285189562242,-0.16285189562242408,0.9711916943359374,-0.9553358877698876,-94.48664275636952,0.029156843151355392,43.613961675018615,,293.06490223253763,223.18610026990385,2
TSLA,TSLA250425P00317500,317.5,put,2025-04-25,63.7,76.52566010725593,-12.825660107255928,1.070805427246094,-0.9600889075926203,-85.36198190805102,0.026619642172798993,43.613961675018615,,293.06490223253763,223.18610026990385,3
TSLA,TSLA250425P00320000,320.0,put,2025-04-25,80.27,78.95706765943808,1.3129323405619147,0.8798840136718749,-0.9643899566497642,-76.84921232190382,0.024253756059563467,43.613961675018615,,293.06490223253763,223.18610026990385,3
TSLA,TSLA250425P00322500,322.5,put,2025-04-25,66.25,81.39618861688535,-15.146188616885354,1.1186567504882814,-0.9682744330370268,-68.93085765570994,0.022054332269435057,43.613961675018615,,293.06490223253763,223.18610026990385,3
TSLA,TSLA250425P00325000,325.0,put,2025-04-25,85.99,83.84221543927873,2.147784560721263,1.1274457690429687,-0.9717760301249847,-61.58630019307887,0.020015631584605995,43.613961675018615,,293.06490223253763,223.18610026990385,3
TSLA,TSLA250425P00330000,330.0,put,2025-04-25,89.45,88.75211821542749,0.697881784572516,1.6030293286132813,-0.9777563955926181,-48.52429672554783,0.01639410476119463,43.613961675018615,,293.06490223253763,223.18610026990385,2
TSLA,TSLA250425P00332500,332.5,put,2025-04-25,84.77,91.21472583845915,-6.444725838459149,1.679444962158203,-0.9802934741608543,-42.75554953752304,0.014796952499223977,43.613961675018615,,293.06490223253763,223.18610026990385,3
TSLA,TSLA250425P00335000,335.0,put,2025-04-25,86.95,93.68169295927538,-6.731692959275378,1.706544436035156,-0.9825642801298154,-37.45901999436136,0.013332158765435998,43.613961675018615,,293.06490223253763,223.18610026990385,3
TSLA,TSLA250425P00337500,337.5,put,2025-04-25,97.4,96.15252974854081,1.247470251459191,1.7333997705078126,-0.9845933815754128,-32.60709408425087,0.011991999938623175,43.613961675018615,,293.06490223253763,223.18610026990385,3
TSLA,TSLA250425P00340000,340.0,put,2025-04-25,100.13,98.6267959693757,1.503204030624289,1.701417508544922,-0.9864035700599569,-28.172088476311338,0.010768729692991679,43.613961675018615,,293.06490223253763,223.18610026990385,3
TSLA,TSLA250425P00345000,345.0,put,2025-04-25,105.15,103.58407875337531,1.565921246624697,1.3271518017578123,-0.9894498361215407,-20.443582021465097,0.008642269750889097,43.613961675018615,,293.06490223253763,223.18610026990385,3
TSLA,TSLA250425P00350000,350.0,put,2025-04-25,109.6,108.55085749958513,1.0491425004148596,1.8022470825195311,-0.9918522396255983,-14.061289348015059,0.006893351935407044,43.613961675018615,,293.06490223253763,223.18610026990385,3
TSLA,TSLA250425P00355000,355.0,put,2025-04-25,110.62,113.52499758333806,-2.9049975833380586,1.9118656750488285,-0.9937359696925588,-8.826989629005736,0.005466441424244017,43.613961675018615,,293.06490223253763,223.18610026990385,3
TSLA,TSLA250425P00360000,360.0,put,2025-04-25,118.0,118.50481336960965,-0.50481336960965,1.8984380078125,-0.9952049370026146,-4.560281054748499,0.0043109774319345425,43.613961675018615,,293.06490223253763,223.18610026990385,2
TSLA,TSLA250425P00365000,365.0,put,2025-04-25,125.05,123.48898274958037,1.5610172504196242,2.007573340454101,-0.996344519323846,-1.1004734122505635,0.0033819105825633085,43.613961675018615,,293.06490223253763,223.18610026990385,3
