ticker,contractSymbol,strike,type,expiration,lastPrice,theoretical_price,mispricing,impliedVolatility,delta,theta,vega,openInterest,volume,daysToExpiry,expiryBucket,RSI,UpperBB,LowerBB,Close,score
MARA,O:MARA250425C00009000,9.0,call,2025-04-25,3.5,3.4074110230824637,0.09258897691753631,1.2175136512858087,0.9989584199130709,-0.549520071700347,3.930899999381759e-05,44,4,4,0-7,55.833506929115615,14.526771066719807,10.303709032004559,12.404800415039062,4
MARA,O:MARA250425C00010000,10.0,call,2025-04-25,2.4,2.4164523322403237,-0.01645233224032383,1.3386211636157357,0.981489990919199,-3.924198910192399,0.0005098403042884507,807,1123,4,0-7,55.833506929115615,14.526771066719807,10.303709032004559,12.404800415039062,4
MARA,O:MARA250425C00010500,10.5,call,2025-04-25,1.98,1.9373649567558964,0.04263504324410361,1.1498044870063986,0.94801515461246,-8.816146767823637,0.0011963828096895593,940,93,4,0-7,55.833506929115615,14.526771066719807,10.303709032004559,12.404800415039062,4
MARA,O:MARA250425C00011000,11.0,call,2025-04-25,1.54,1.4868565554914,0.05314344450860009,0.5910722183884476,0.8825152812170811,-16.069631581163442,0.0022162699740066885,855,605,4,0-7,55.833506929115615,14.526771066719807,10.303709032004559,12.404800415039062,4
MARA,O:MARA250425C00011500,11.5,call,2025-04-25,1.13,1.0838175081717356,0.04618249182826428,1.057693702982047,0.7790201486054602,-24.035830554057927,0.0033384046688360643,2309,174,4,0-7,55.833506929115615,14.526771066719807,10.303709032004559,12.404800415039062,4
MARA,O:MARA250425C00012000,12.0,call,2025-04-25,0.8,0.7456791992036393,0.0543208007963607,0.9885193636671633,0.6435435812814687,-30.081941394962026,0.004192910400425366,3345,2169,4,0-7,55.833506929115615,14.526771066719807,10.303709032004559,12.404800415039062,4
MARA,O:MARA250425C00012500,12.5,call,2025-04-25,0.49,0.4822338661620629,0.007766133837937117,0.9918533253917534,0.49336797050606723,-32.12115979936212,0.004485945841806248,4475,6011,4,0-7,55.833506929115615,14.526771066719807,10.303709032004559,12.404800415039062,4
MARA,O:MARA250425C00013000,13.0,call,2025-04-25,0.31,0.29256608557930797,0.01743391442069203,0.9585426987100684,0.3497071220108352,-29.782354536839758,0.0041642933137978335,38916,12476,4,0-7,55.833506929115615,14.526771066719807,10.303709032004559,12.404800415039062,4
MARA,O:MARA250425C00013500,13.5,call,2025-04-25,0.18,0.16650531827102144,0.013494681728978553,0.9905174066801619,0.22914924614501914,-24.35293098849056,0.0034077902385280397,13900,10675,4,0-7,55.833506929115615,14.526771066719807,10.303709032004559,12.404800415039062,4
MARA,O:MARA250425C00014000,14.0,call,2025-04-25,0.11,0.08901955310181853,0.020980446898181473,1.0146169130074951,0.139124739033047,-17.802266385238024,0.0024924783618837723,35949,16465,4,0-7,55.833506929115615,14.526771066719807,10.303709032004559,12.404800415039062,4
MARA,O:MARA250425P00011000,11.0,put,2025-04-25,0.11,0.07934414605442774,0.030655853945572256,1.1301964137182177,-0.11748471878291888,-15.739712940995378,0.0022162699740066885,2400,2826,4,0-7,55.833506929115615,14.526771066719807,10.303709032004559,12.404800415039062,4
MARA,O:MARA250425P00011500,11.5,put,2025-04-25,0.19,0.1761818262621313,0.0138181737378687,1.0885011855235314,-0.22097985139453985,-23.690915612064043,0.0033384046688360643,2129,2581,4,0-7,55.833506929115615,14.526771066719807,10.303709032004559,12.404800415039062,4
MARA,O:MARA250425P00012000,12.0,put,2025-04-25,0.33,0.3379202448214045,-0.007920244821404465,1.0537145359084816,-0.3564564187185313,-29.722030151142324,0.004192910400425366,2722,3878,4,0-7,55.833506929115615,14.526771066719807,10.303709032004559,12.404800415039062,4
MARA,O:MARA250425P00012500,12.5,put,2025-04-25,0.54,0.5743516393071966,-0.034351639307196535,1.027374767537726,-0.5066320294939327,-31.74625225371659,0.004485945841806248,4075,6532,4,0-7,55.833506929115615,14.526771066719807,10.303709032004559,12.404800415039062,4
MARA,O:MARA250425P00013000,13.0,put,2025-04-25,0.86,0.8845605862518084,-0.02456058625180846,0.9770437646112485,-0.6502928779891648,-29.392450689368413,0.0041642933137978335,1740,1768,4,0-7,55.833506929115615,14.526771066719807,10.303709032004559,12.404800415039062,4
MARA,O:MARA250425P00013500,13.5,put,2025-04-25,1.29,1.2583765464708883,0.03162345352911178,1.0245331872446326,-0.7708507538549809,-23.948030839193393,0.0034077902385280397,1594,231,4,0-7,55.833506929115615,14.526771066719807,10.303709032004559,12.404800415039062,4
MARA,O:MARA250425P00014000,14.0,put,2025-04-25,1.63,1.6807675088290548,-0.0507675088290549,1.2239581925724206,-0.860875260966953,-17.382369934115037,0.0024924783618837723,1764,623,4,0-7,55.833506929115615,14.526771066719807,10.303709032004559,12.404800415039062,4
MARA,O:MARA250425P00014500,14.5,put,2025-04-25,2.02,2.136443231243881,-0.11644323124388078,1.32167987109655,-0.9214430059020221,-11.338620634993772,0.001649042089814771,1454,38,4,0-7,55.833506929115615,14.526771066719807,10.303709032004559,12.404800415039062,4
MARA,O:MARA250425P00015000,15.0,put,2025-04-25,2.62,2.612816653177413,0.007183346822587033,1.5498825676818995,-0.9585605735107366,-6.6685675190260465,0.0009973296413427312,878,549,4,0-7,55.833506929115615,14.526771066719807,10.303709032004559,12.404800415039062,4
MARA,O:MARA250425P00015500,15.5,put,2025-04-25,2.78,3.1009872856957923,-0.3209872856957925,1.3588813641987434,-0.9794799257967574,-3.5062324621106047,0.0005564986022313341,143,103,4,0-7,55.833506929115615,14.526771066719807,10.303709032004559,12.404800415039062,4
MARA,O:MARA250425P00016000,16.0,put,2025-04-25,3.8,3.595375928152622,0.20462407184737774,1.5929231051895298,-0.9904152702163426,-1.5808290305837986,0.00028883273738160363,205,42,4,0-7,55.833506929115615,14.526771066719807,10.303709032004559,12.404800415039062,4
MARA,O:MARA250425P00016500,16.5,put,2025-04-25,4.18,4.092819055297207,0.08718094470279247,1.8456129675328332,-0.9957571754624084,-0.5070237108197583,0.0001404487190350924,407,15,4,0-7,55.833506929115615,14.526771066719807,10.303709032004559,12.404800415039062,4
MARA,O:MARA250502C00010000,10.0,call,2025-05-02,2.61,2.555948088847522,0.05405191115247776,0.9622083040950681,0.8874538593353808,-8.63975010809267,0.003924623198333465,622,42,11,8-30,55.833506929115615,14.526771066719807,10.303709032004559,12.404800415039062,4
MARA,O:MARA250502C00010500,10.5,call,2025-05-02,2.13,2.149642393158093,-0.019642393158092908,0.9249484217784929,0.8318104887579211,-11.271500877024726,0.005160236515733025,266,55,11,8-30,55.833506929115615,14.526771066719807,10.303709032004559,12.404800415039062,4
MARA,O:MARA250502C00011000,11.0,call,2025-05-02,1.78,1.779671312008234,0.00032868799176610786,1.0216969091991857,0.7646388884212134,-13.725193841764991,0.006315038843177524,395,81,11,8-30,55.833506929115615,14.526771066719807,10.303709032004559,12.404800415039062,4
MARA,O:MARA250502C00011500,11.5,call,2025-05-02,1.3,1.450197894410425,-0.15019789441042497,0.9854206992522042,0.6886178870340017,-15.721232039297009,0.007257774154867681,379,93,11,8-30,55.833506929115615,14.526771066719807,10.303709032004559,12.404800415039062,4
MARA,O:MARA250502C00012000,12.0,call,2025-05-02,1.1,1.1633141512102583,-0.06331415121025818,0.930503779302848,0.6073165961551585,-17.057197202348565,0.007893120975949333,1706,219,11,8-30,55.833506929115615,14.526771066719807,10.303709032004559,12.404800415039062,4
MARA,O:MARA250502C00012500,12.5,call,2025-05-02,0.81,0.918990798242203,-0.10899079824220292,0.9381117498363729,0.5245964787623288,-17.63764041388816,0.008175737471000553,2741,2042,11,8-30,55.833506929115615,14.526771066719807,10.303709032004559,12.404800415039062,4
MARA,O:MARA250502C00013000,13.0,call,2025-05-02,0.62,0.71532643775552,-0.09532643775551997,0.9484061505124356,0.4440602873168806,-17.474702023836414,0.008110651028116266,1944,3939,11,8-30,55.833506929115615,14.526771066719807,10.303709032004559,12.404800415039062,4
MARA,O:MARA250502C00013500,13.5,call,2025-05-02,0.43,0.5489884340951843,-0.11898843409518428,0.9494512672180184,0.3686540829164445,-16.666550040411515,0.007743243193469672,5450,3818,11,8-30,55.833506929115615,14.526771066719807,10.303709032004559,12.404800415039062,4
MARA,O:MARA250502C00014000,14.0,call,2025-05-02,0.33,0.41572820736568517,-0.08572820736568515,0.9597258415720944,0.30046116600222145,-15.364665551832445,0.00714398277528678,2890,4236,11,8-30,55.833506929115615,14.526771066719807,10.303709032004559,12.404800415039062,4
MARA,O:MARA250502C00014500,14.5,call,2025-05-02,0.23,0.31087440863112725,-0.08087440863112724,0.9689789998284356,0.24067176046685518,-13.740327340209108,0.006392753260098526,2106,428,11,8-30,55.833506929115615,14.526771066719807,10.303709032004559,12.404800415039062,4
MARA,O:MARA250502C00015000,15.0,call,2025-05-02,0.17,0.22974189687416757,-0.05974189687416756,0.9853822576952835,0.18968086956824137,-11.957323010877538,0.005566070657099947,3406,3280,11,8-30,55.833506929115615,14.526771066719807,10.303709032004559,12.404800415039062,4
MARA,O:MARA250502C00015500,15.5,call,2025-05-02,0.13,0.16792903679069449,-0.03792903679069448,0.981199735501546,0.1472580179129116,-10.154016090825616,0.004728665733177724,1348,4256,11,8-30,55.833506929115615,14.526771066719807,10.303709032004559,12.404800415039062,4
MARA,O:MARA250502C00016000,16.0,call,2025-05-02,0.09,0.12150272435488896,-0.03150272435488896,1.034679341807475,0.11273952090105421,-8.434766284118245,0.0039294379104921765,7385,360,11,8-30,55.833506929115615,14.526771066719807,10.303709032004559,12.404800415039062,4
MARA,O:MARA250502P00010000,10.0,put,2025-05-02,0.13,0.1429318725454649,-0.012931872545464906,1.1418923218081047,-0.11254614066461921,-8.33999658213056,0.003924623198333465,747,551,11,8-30,55.833506929115615,14.526771066719807,10.303709032004559,12.404800415039062,4
MARA,O:MARA250502P00010500,10.5,put,2025-05-02,0.21,0.23621538679288845,-0.026215386792888457,1.0618184401935515,-0.16818951124207893,-10.95675967476451,0.005160236515733025,684,722,11,8-30,55.833506929115615,14.526771066719807,10.303709032004559,12.404800415039062,4
MARA,O:MARA250502P00011000,11.0,put,2025-05-02,0.28,0.36583351557987687,-0.08583351557987684,1.0461854573933573,-0.23536111157878659,-13.39546496320667,0.006315038843177524,781,395,11,8-30,55.833506929115615,14.526771066719807,10.303709032004559,12.404800415039062,4
MARA,O:MARA250502P00011500,11.5,put,2025-05-02,0.42,0.5359493079189206,-0.11594930791892061,1.0102005153064588,-0.31138211296599827,-15.376515484440581,0.007257774154867681,607,1437,11,8-30,55.833506929115615,14.526771066719807,10.303709032004559,12.404800415039062,4
MARA,O:MARA250502P00012000,12.0,put,2025-05-02,0.67,0.748654774655602,-0.078654774655602,0.9698449159836247,-0.3926834038448415,-16.697492971194034,0.007893120975949333,1994,329,11,8-30,55.833506929115615,14.526771066719807,10.303709032004559,12.404800415039062,4
MARA,O:MARA250502P00012500,12.5,put,2025-05-02,0.91,1.0039206316243954,-0.09392063162439535,0.9708957202995652,-0.4754035212376712,-17.262948506435524,0.008175737471000553,1304,790,11,8-30,55.833506929115615,14.526771066719807,10.303709032004559,12.404800415039062,4
MARA,O:MARA250502P00013000,13.0,put,2025-05-02,1.15,1.2998454810745637,-0.14984548107456375,0.992448595217426,-0.5559397126831194,-17.085022440085673,0.008110651028116266,982,191,11,8-30,55.833506929115615,14.526771066719807,10.303709032004559,12.404800415039062,4
MARA,O:MARA250502P00013500,13.5,put,2025-05-02,1.52,1.6330966873510793,-0.11309668735107925,0.979473257855992,-0.6313459170835555,-16.261882780362665,0.007743243193469672,964,98,11,8-30,55.833506929115615,14.526771066719807,10.303709032004559,12.404800415039062,4
MARA,O:MARA250502P00014000,14.0,put,2025-05-02,1.94,1.9994256705584288,-0.059425670558428845,0.9832064000450376,-0.6995388339977786,-14.945010615485492,0.00714398277528678,465,311,11,8-30,55.833506929115615,14.526771066719807,10.303709032004559,12.404800415039062,4
MARA,O:MARA250502P00014500,14.5,put,2025-05-02,2.17,2.394161081760723,-0.22416108176072314,1.030625955413265,-0.7593282395331449,-13.30568472756405,0.006392753260098526,286,102,11,8-30,55.833506929115615,14.526771066719807,10.303709032004559,12.404800415039062,4
MARA,O:MARA250502P00015000,15.0,put,2025-05-02,2.76,2.8126177799406147,-0.052617779940614895,1.0143174349442317,-0.8103191304317586,-11.507692721934372,0.005566070657099947,592,89,11,8-30,55.833506929115615,14.526771066719807,10.303709032004559,12.404800415039062,4
MARA,O:MARA250502P00015500,15.5,put,2025-05-02,2.65,3.2503941297939907,-0.6003941297939908,1.0107606648706637,-0.8527419820870884,-9.689398125584344,0.004728665733177724,264,6,11,8-30,55.833506929115615,14.526771066719807,10.303709032004559,12.404800415039062,4
MARA,O:MARA250502P00016000,16.0,put,2025-05-02,3.75,3.7035570272950356,0.04644297270496445,1.1101215975331589,-0.8872604790989458,-7.9551606425788695,0.0039294379104921765,232,5,11,8-30,55.833506929115615,14.526771066719807,10.303709032004559,12.404800415039062,4
MARA,O:MARA250502P00016500,16.5,put,2025-05-02,3.66,4.16873069942992,-0.5087306994299201,1.2064087405897754,-0.9147917381675061,-6.374242802633466,0.0032009135284369874,118,2,11,8-30,55.833506929115615,14.526771066719807,10.303709032004559,12.404800415039062,4
MARA,O:MARA250502P00017000,17.0,put,2025-05-02,4.16,4.643112687249648,-0.4831126872496476,1.2430475477748644,-0.9363587067400739,-4.9846523750215805,0.002561018564299036,61,103,11,8-30,55.833506929115615,14.526771066719807,10.303709032004559,12.404800415039062,4
MARA,O:MARA250502P00017500,17.5,put,2025-05-02,4.99,5.1244410805046705,-0.1344410805046703,1.3904871052592502,-0.9529817962747514,-3.799503073441153,0.0020160360316863273,124,27,11,8-30,55.833506929115615,14.526771066719807,10.303709032004559,12.404800415039062,4
MARA,O:MARA250502P00018000,18.0,put,2025-05-02,5.75,5.610933820501399,0.13906617949860056,1.4785034293793993,-0.9656082506398637,-2.8140276481385844,0.00156387486790434,105,11,11,8-30,55.833506929115615,14.526771066719807,10.303709032004559,12.404800415039062,4
MARA,O:MARA250502P00018500,18.5,put,2025-05-02,5.95,6.10121599994099,-0.1512159999409901,1.5640065148492976,-0.9750730809491879,-2.012038603085412,0.0011970856457216216,891,3,11,8-30,55.833506929115615,14.526771066719807,10.303709032004559,12.404800415039062,4
MARA,O:MARA250502P00019000,19.0,put,2025-05-02,6.79,6.5942460845226645,0.19575391547733556,1.6467497944269218,-0.9820837113837616,-1.3712174730963775,0.0009053321799685467,8,1,11,8-30,55.833506929115615,14.526771066719807,10.303709032004559,12.404800415039062,4
MARA,O:MARA250509C00008000,8.0,call,2025-05-09,4.05,4.457274869749793,-0.4072748697497932,1.2515621394415986,0.9691044302417966,-2.573019364790505,0.0018665009904499708,52,1,18,8-30,55.833506929115615,14.526771066719807,10.303709032004559,12.404800415039062,4
MARA,O:MARA250509C00008500,8.5,call,2025-05-09,4.64,3.9919576493375217,0.648042350662478,0.9982324091620358,0.9482238235885029,-3.8014268002408667,0.0028388724236981465,60,4,18,8-30,55.833506929115615,14.526771066719807,10.303709032004559,12.404800415039062,4
MARA,O:MARA250509C00009000,9.0,call,2025-05-09,3.63,3.5446516476960506,0.08534835230394933,0.9714076998399114,0.9194926338610738,-5.262415294965677,0.00399903467579932,177,175,18,8-30,55.833506929115615,14.526771066719807,10.303709032004559,12.404800415039062,4
MARA,O:MARA250509C00010000,10.0,call,2025-05-09,3.09,2.721959581911401,0.368040418088599,0.9776305389141549,0.8376153266552696,-8.496891097271488,0.006576921753287607,76,4,18,8-30,55.833506929115615,14.526771066719807,10.303709032004559,12.404800415039062,4
MARA,O:MARA250509C00010500,10.5,call,2025-05-09,2.59,2.354042239831089,0.2359577601689109,1.1101626818382497,0.7857082625722844,-10.035124972547099,0.0078072952904931076,74,6,18,8-30,55.833506929115615,14.526771066719807,10.303709032004559,12.404800415039062,4
MARA,O:MARA250509C00011000,11.0,call,2025-05-09,1.85,2.0184941865285575,-0.1684941865285574,0.9451926949124126,0.7282456367886725,-11.372684481741123,0.00888043391252294,424,18,18,8-30,55.833506929115615,14.526771066719807,10.303709032004559,12.404800415039062,4
MARA,O:MARA250509C00011500,11.5,call,2025-05-09,1.57,1.7165000108243076,-0.14650001082430752,0.9847036867484249,0.6669833852642945,-12.427239431791339,0.009730345836308208,281,78,18,8-30,55.833506929115615,14.526771066719807,10.303709032004559,12.404800415039062,4
MARA,O:MARA250509C00012000,12.0,call,2025-05-09,1.35,1.4481545861260656,-0.09815458612606554,0.9860180825718436,0.6037900311949701,-13.148724155816778,0.010316648917285388,1471,177,18,8-30,55.833506929115615,14.526771066719807,10.303709032004559,12.404800415039062,4
MARA,O:MARA250509C00012500,12.5,call,2025-05-09,1.04,1.2125878266401413,-0.17258782664014127,1.0005975464025458,0.5404696884894082,-13.52001261244466,0.010625163125231834,973,191,18,8-30,55.833506929115615,14.526771066719807,10.303709032004559,12.404800415039062,4
MARA,O:MARA250509C00013000,13.0,call,2025-05-09,0.83,1.0081475170463898,-0.17814751704638987,0.9456289272572583,0.47862760670546173,-13.552994572267744,0.01066483301221571,1671,478,18,8-30,55.833506929115615,14.526771066719807,10.303709032004559,12.404800415039062,4
MARA,O:MARA250509C00013500,13.5,call,2025-05-09,0.7,0.8326066403119521,-0.13260664031195213,0.9512105014851014,0.41958507492403946,-13.281904532074718,0.010462450479344522,952,284,18,8-30,55.833506929115615,14.526771066719807,10.303709032004559,12.404800415039062,4
MARA,O:MARA250509C00014000,14.0,call,2025-05-09,0.53,0.6833682784003163,-0.1533682784003163,0.9411221057305581,0.364340935828943,-12.755643500491097,0.010056562435303533,1966,144,18,8-30,55.833506929115615,14.526771066719807,10.303709032004559,12.404800415039062,4
MARA,O:MARA250509C00014500,14.5,call,2025-05-09,0.41,0.5576495575591984,-0.14764955755919845,0.9650748580391403,0.31357120991908527,-12.03042960280244,0.0094916282731275,295,89,18,8-30,55.833506929115615,14.526771066719807,10.303709032004559,12.404800415039062,4
MARA,O:MARA250509C00015000,15.0,call,2025-05-09,0.32,0.45263419353538037,-0.13263419353538036,0.9496709964291711,0.26765598351720354,-11.163617837103244,0.008813098677835987,5935,443,18,8-30,55.833506929115615,14.526771066719807,10.303709032004559,12.404800415039062,4
MARA,O:MARA250509C00015500,15.5,call,2025-05-09,0.26,0.36558981628352294,-0.10558981628352293,0.9655492749798991,0.22672284468837117,-10.209076080138693,0.008063726813749084,286,43,18,8-30,55.833506929115615,14.526771066719807,10.303709032004559,12.404800415039062,4
MARA,O:MARA250509C00016000,16.0,call,2025-05-09,0.19,0.2939510046236862,-0.10395100462368617,0.9795083826425613,0.19069775266425915,-9.214159811264913,0.0072811483991819395,1577,69,18,8-30,55.833506929115615,14.526771066719807,10.303709032004559,12.404800415039062,4
MARA,O:MARA250509C00016500,16.5,call,2025-05-09,0.15,0.23537190535046615,-0.08537190535046615,0.9914695032241018,0.15935645928199305,-8.218107525628804,0.006496591162334249,355,48,18,8-30,55.833506929115615,14.526771066719807,10.303709032004559,12.404800415039062,4
MARA,O:MARA250509C00017000,17.0,call,2025-05-09,0.13,0.18775376669591193,-0.05775376669591192,1.0117127351047375,0.13237187948243728,-7.251567786955347,0.005734485206568633,228,119,18,8-30,55.833506929115615,14.526771066719807,10.303709032004559,12.404800415039062,4
MARA,O:MARA250509C00017500,17.5,call,2025-05-09,0.11,0.1492530851747209,-0.03925308517472091,1.039867679696839,0.10935479186133307,-6.336939597394912,0.005012721945760413,12,32,18,8-30,55.833506929115615,14.526771066719807,10.303709032004559,12.404800415039062,4
MARA,O:MARA250509P00009500,9.5,put,2025-05-09,0.14,0.20187566323299588,-0.06187566323299587,1.1085526605139888,-0.11747645861638106,-6.581263946294688,0.005275515163080977,82,4,18,8-30,55.833506929115615,14.526771066719807,10.303709032004559,12.404800415039062,4
MARA,O:MARA250509P00010000,10.0,put,2025-05-09,0.26,0.30319632126902807,-0.04319632126902806,1.0457876116767841,-0.1623846733447304,-8.197309982639588,0.006576921753287607,530,60,18,8-30,55.833506929115615,14.526771066719807,10.303709032004559,12.404800415039062,4
MARA,O:MARA250509P00010500,10.5,put,2025-05-09,0.34,0.4345808369085522,-0.09458083690855218,1.0380031451650407,-0.21429173742771562,-9.720564802183603,0.0078072952904931076,132,100,18,8-30,55.833506929115615,14.526771066719807,10.303709032004559,12.404800415039062,4
MARA,O:MARA250509P00011000,11.0,put,2025-05-09,0.45,0.5983346413258537,-0.14833464132585367,0.9966784655661162,-0.27175436321132757,-11.043145255646031,0.00888043391252294,733,137,18,8-30,55.833506929115615,14.526771066719807,10.303709032004559,12.404800415039062,4
MARA,O:MARA250509P00011500,11.5,put,2025-05-09,0.64,0.795642323341438,-0.15564232334143802,1.0012769902590049,-0.33301661473570554,-12.082721149964653,0.009730345836308208,612,99,18,8-30,55.833506929115615,14.526771066719807,10.303709032004559,12.404800415039062,4
MARA,O:MARA250509P00012000,12.0,put,2025-05-09,0.86,1.0265987563630334,-0.16659875636303345,0.969678727514652,-0.3962099688050299,-12.789226818258498,0.010316648917285388,840,197,18,8-30,55.833506929115615,14.526771066719807,10.303709032004559,12.404800415039062,4
MARA,O:MARA250509P00012500,12.5,put,2025-05-09,1.09,1.290333854596943,-0.20033385459694286,1.003014677447882,-0.4595303115105917,-13.145536219154785,0.010625163125231834,811,77,18,8-30,55.833506929115615,14.526771066719807,10.303709032004559,12.404800415039062,4
MARA,O:MARA250509P00013000,13.0,put,2025-05-09,1.39,1.5851954027230253,-0.19519540272302538,0.962171889149906,-0.5213723932945383,-13.163539123246274,0.01066483301221571,226,232,18,8-30,55.833506929115615,14.526771066719807,10.303709032004559,12.404800415039062,4
MARA,O:MARA250509P00013500,13.5,put,2025-05-09,1.79,1.908956383708424,-0.11895638370842399,0.9594479630552735,-0.5804149250759605,-12.877470027321651,0.010462450479344522,132,4,18,8-30,55.833506929115615,14.526771066719807,10.303709032004559,12.404800415039062,4
MARA,O:MARA250509P00014000,14.0,put,2025-05-09,1.81,2.2590198795166208,-0.4490198795166207,0.9547817695504488,-0.635659064171057,-12.336229940006437,0.010056562435303533,165,9,18,8-30,55.833506929115615,14.526771066719807,10.303709032004559,12.404800415039062,4
MARA,O:MARA250509P00014500,14.5,put,2025-05-09,2.07,2.632603016395338,-0.5626030163953382,0.973832303349637,-0.6864287900809147,-11.596036986586185,0.0094916282731275,97,2,18,8-30,55.833506929115615,14.526771066719807,10.303709032004559,12.404800415039062,4
MARA,O:MARA250509P00015000,15.0,put,2025-05-09,2.86,3.026889510091353,-0.166889510091353,0.9541122669267963,-0.7323440164827965,-10.714246165155393,0.008813098677835987,80,7,18,8-30,55.833506929115615,14.526771066719807,10.303709032004559,12.404800415039062,4
MARA,O:MARA250509P00015500,15.5,put,2025-05-09,3.02,3.4391469905593315,-0.41914699055933147,1.019067692813794,-0.7732771553116289,-9.744725352459248,0.008063726813749084,175,1,18,8-30,55.833506929115615,14.526771066719807,10.303709032004559,12.404800415039062,4
MARA,O:MARA250509P00016000,16.0,put,2025-05-09,3.4,3.866810036619327,-0.4668100366193273,1.051161787918584,-0.8093022473357409,-8.734830027853873,0.0072811483991819395,81,15,18,8-30,55.833506929115615,14.526771066719807,10.303709032004559,12.404800415039062,4
MARA,O:MARA250509P00016500,16.5,put,2025-05-09,4.2,4.307532795065942,-0.10753279506594193,1.0051882223127833,-0.840643540718007,-7.723798686486168,0.006496591162334249,57,17,18,8-30,55.833506929115615,14.526771066719807,10.303709032004559,12.404800415039062,4
MARA,O:MARA250509P00017000,17.0,put,2025-05-09,4.75,4.759216514131225,-0.00921651413122504,1.0782099969217809,-0.8676281205175627,-6.7422798920811156,0.005734485206568633,40,1,18,8-30,55.833506929115615,14.526771066719807,10.303709032004559,12.404800415039062,4
MARA,O:MARA250509P00017500,17.5,put,2025-05-09,5.16,5.2200176903298665,-0.06001769032986637,1.1050972523642408,-0.8906452081386669,-5.812672646789086,0.005012721945760413,26,5,18,8-30,55.833506929115615,14.526771066719807,10.303709032004559,12.404800415039062,4
MARA,O:MARA250509P00018000,18.0,put,2025-05-09,5.75,5.688342194414663,0.0616578055853374,1.261092038171585,-0.910113207984513,-4.949984856670002,0.004343327184751121,5,10,18,8-30,55.833506929115615,14.526771066719807,10.303709032004559,12.404800415039062,4
MARA,O:MARA250509P00018500,18.5,put,2025-05-09,5.95,6.162830021333733,-0.2128300213337324,1.5820148382029262,-0.9264544977000856,-4.162965246103719,0.00373335381890072,28,3,18,8-30,55.833506929115615,14.526771066719807,10.303709032004559,12.404800415039062,4
MARA,O:MARA250509P00019000,19.0,put,2025-05-09,6.5,6.64233443168408,-0.14233443168408044,1.3499111596374107,-0.9400772841974429,-3.45532393487965,0.003185847029915098,15,2,18,8-30,55.833506929115615,14.526771066719807,10.303709032004559,12.404800415039062,4
MARA,O:MARA250516C00006000,6.0,call,2025-05-16,5.6,6.423076135682728,-0.8230761356827285,1.7560521077893692,0.995000585274118,-0.5870579446367529,0.00045990090335436246,41,20,25,8-30,55.833506929115615,14.526771066719807,10.303709032004559,12.404800415039062,4
MARA,O:MARA250516C00007000,7.0,call,2025-05-16,5.26,5.44825600645394,-0.18825600645394047,1.036876132249123,0.9804169283217707,-1.548340841634661,0.0015128344316206422,25,2,25,8-30,55.833506929115615,14.526771066719807,10.303709032004559,12.404800415039062,4
MARA,O:MARA250516C00008000,8.0,call,2025-05-16,4.45,4.51405519692212,-0.06405519692212014,1.051581713093222,0.9471343638744887,-3.2702978994313963,0.0034293191345466374,189,1,25,8-30,55.833506929115615,14.526771066719807,10.303709032004559,12.404800415039062,4
MARA,O:MARA250516C00009000,9.0,call,2025-05-16,3.5,3.6491893599722065,-0.1491893599722065,0.8794102349873203,0.8897837978456444,-5.554449216209797,0.0059896400160704966,460,2,25,8-30,55.833506929115615,14.526771066719807,10.303709032004559,12.404800415039062,4
MARA,O:MARA250516C00010000,10.0,call,2025-05-16,2.77,2.879514107802203,-0.10951410780220305,0.9831306553028573,0.8090641388886524,-7.923167965004836,0.00865791983279471,851,85,25,8-30,55.833506929115615,14.526771066719807,10.303709032004559,12.404800415039062,4
MARA,O:MARA250516C00011000,11.0,call,2025-05-16,2.08,2.221261895754573,-0.14126189575457282,0.9759087967853494,0.7112367247324666,-9.87287492023597,0.0108664831312284,1349,643,25,8-30,55.833506929115615,14.526771066719807,10.303709032004559,12.404800415039062,4
MARA,O:MARA250516C00012000,12.0,call,2025-05-16,1.5,1.678786032915335,-0.178786032915335,0.9386952228830281,0.6053388602332086,-11.07703175911115,0.012244940990705123,3272,204,25,8-30,55.833506929115615,14.526771066719807,10.303709032004559,12.404800415039062,4
MARA,O:MARA250516C00013000,13.0,call,2025-05-16,1.0,1.2462023286423278,-0.24620232864232783,0.9194430312246276,0.5002357532994538,-11.447078950376254,0.012689922207718227,44182,2021,25,8-30,55.833506929115615,14.526771066719807,10.303709032004559,12.404800415039062,4
MARA,O:MARA250516C00014000,14.0,call,2025-05-16,0.69,0.9109032961770671,-0.22090329617706717,0.9440763282927468,0.4027474753168162,-11.083463618242153,0.012310970548331204,4781,714,25,8-30,55.833506929115615,14.526771066719807,10.303709032004559,12.404800415039062,4
MARA,O:MARA250516C00015000,15.0,call,2025-05-16,0.48,0.657175872694931,-0.17717587269493107,0.9577794282936808,0.31702370246308564,-10.186266148105796,0.011330546441835475,9905,2996,25,8-30,55.833506929115615,14.526771066719807,10.303709032004559,12.404800415039062,4
MARA,O:MARA250516C00016000,16.0,call,2025-05-16,0.32,0.46898589731583806,-0.14898589731583806,0.964627215414783,0.244783528265121,-8.975804182163703,0.009994845323883063,8307,360,25,8-30,55.833506929115615,14.526771066719807,10.303709032004559,12.404800415039062,4
MARA,O:MARA250516C00017000,17.0,call,2025-05-16,0.21,0.3317000353236479,-0.1217000353236479,0.9914245486891399,0.18594968282837798,-7.642930551202237,0.008517766672757788,4771,332,25,8-30,55.833506929115615,14.526771066719807,10.303709032004559,12.404800415039062,4
MARA,O:MARA250516C00018000,18.0,call,2025-05-16,0.15,0.23290186486214481,-0.08290186486214482,1.0137461218512678,0.139337671000209,-6.328093028638051,0.007057133996046784,3301,1166,25,8-30,55.833506929115615,14.526771066719807,10.303709032004559,12.404800415039062,4
MARA,O:MARA250516C00019000,19.0,call,2025-05-16,0.1,0.16258414399575227,-0.06258414399575227,1.0488528705812483,0.10322585097997988,-5.120012445964345,0.0057129783253708245,5756,30,25,8-30,55.833506929115615,14.526771066719807,10.303709032004559,12.404800415039062,4
MARA,O:MARA250516P00009000,9.0,put,2025-05-16,0.14,0.22665301899476997,-0.08665301899476996,1.060062038150793,-0.11021620215435557,-5.284981293987948,0.0059896400160704966,3498,32,25,8-30,55.833506929115615,14.526771066719807,10.303709032004559,12.404800415039062,4
MARA,O:MARA250516P00010000,10.0,put,2025-05-16,0.34,0.4550071083871705,-0.11500710838717049,1.0281121285347188,-0.19093586111134758,-7.623759162536116,0.00865791983279471,5425,267,25,8-30,55.833506929115615,14.526771066719807,10.303709032004559,12.404800415039062,4
MARA,O:MARA250516P00011000,11.0,put,2025-05-16,0.6,0.7947842379019443,-0.19478423790194432,0.9822869939532101,-0.2887632752675334,-9.543525237520377,0.0108664831312284,2554,224,25,8-30,55.833506929115615,14.526771066719807,10.303709032004559,12.404800415039062,4
MARA,O:MARA250516P00012000,12.0,put,2025-05-16,1.0,1.2503377166251095,-0.2503377166251095,0.949593251282302,-0.39466113976679135,-10.717741196148685,0.012244940990705123,6535,196,25,8-30,55.833506929115615,14.526771066719807,10.303709032004559,12.404800415039062,4
MARA,O:MARA250516P00013000,13.0,put,2025-05-16,1.58,1.8157833539145054,-0.23578335391450533,0.9575933067051419,-0.4997642467005462,-11.057847507166915,0.012689922207718227,6477,75,25,8-30,55.833506929115615,14.526771066719807,10.303709032004559,12.404800415039062,4
MARA,O:MARA250516P00014000,14.0,put,2025-05-16,2.25,2.478513663011646,-0.228513663011646,0.9363490328195141,-0.5972525246831838,-10.664291294785944,0.012310970548331204,3745,282,25,8-30,55.833506929115615,14.526771066719807,10.303709032004559,12.404800415039062,4
MARA,O:MARA250516P00015000,15.0,put,2025-05-16,3.02,3.222815581091915,-0.20281558109191478,0.9529970048688755,-0.6829762975369144,-9.737152944402714,0.011330546441835475,1209,67,25,8-30,55.833506929115615,14.526771066719807,10.303709032004559,12.404800415039062,4
MARA,O:MARA250516P00016000,16.0,put,2025-05-16,3.87,4.032654947275223,-0.16265494727522256,1.0019812840739228,-0.755216471734879,-8.496750098213749,0.009994845323883063,847,18,25,8-30,55.833506929115615,14.526771066719807,10.303709032004559,12.404800415039062,4
MARA,O:MARA250516P00017000,17.0,put,2025-05-16,4.76,4.893398426845437,-0.1333984268454369,0.9615670015068791,-0.814050317171622,-7.1339355870054115,0.008517766672757788,395,13,25,8-30,55.833506929115615,14.526771066719807,10.303709032004559,12.404800415039062,4
MARA,O:MARA250516P00018000,18.0,put,2025-05-16,5.72,5.792629597946336,-0.07262959794633606,1.043025216719544,-0.860662328999791,-5.789157184194353,0.007057133996046784,663,20,25,8-30,55.833506929115615,14.526771066719807,10.303709032004559,12.404800415039062,4
MARA,O:MARA250516P00019000,19.0,put,2025-05-16,6.64,6.720341218642348,-0.08034121864234844,1.0682688404393443,-0.8967741490200201,-4.551135721273774,0.0057129783253708245,342,58,25,8-30,55.833506929115615,14.526771066719807,10.303709032004559,12.404800415039062,4
MARA,O:MARA250516P00020000,20.0,put,2025-05-16,7.6,7.6687682425929395,-0.0687682425929399,1.096847383956648,-0.9242461419809693,-3.4656037032016993,0.004537181010489694,350,82,25,8-30,55.833506929115615,14.526771066719807,10.303709032004559,12.404800415039062,4
MARA,O:MARA250516P00021000,21.0,put,2025-05-16,8.62,8.632056550109175,-0.01205655010917539,1.1841151575214666,-0.9448373357585974,-2.5472222856895823,0.00354674701298272,73,2,25,8-30,55.833506929115615,14.526771066719807,10.303709032004559,12.404800415039062,4
MARA,O:MARA250516P00022000,22.0,put,2025-05-16,10.35,9.605889779842075,0.7441102201579248,1.2033653580085253,-0.9600853801439083,-1.7907967315890798,0.002736339026119607,39,5,25,8-30,55.833506929115615,14.526771066719807,10.303709032004559,12.404800415039062,4
MARA,O:MARA250516P00023000,23.0,put,2025-05-16,10.25,10.587140169349269,-0.3371401693492686,1.282994653960979,-0.9712659876013133,-1.1801569633650106,0.002088223130684876,36,1,25,8-30,55.833506929115615,14.526771066719807,10.303709032004559,12.404800415039062,4
MARA,O:MARA250516P00024000,24.0,put,2025-05-16,11.4,11.573571927722773,-0.1735719277227723,1.3533162447280467,-0.9793988389182221,-0.6944096545441659,0.0015792834326702684,30,1,25,8-30,55.833506929115615,14.526771066719807,10.303709032004559,12.404800415039062,4
MARA,O:MARA250523C00009000,9.0,call,2025-05-23,4.1,3.7557514966743133,0.34424850332568635,0.9972746029362862,0.868302135024627,-5.5294099100963034,0.007716527958550443,7,1,32,31-60,55.833506929115615,14.526771066719807,10.303709032004559,12.404800415039062,4
MARA,O:MARA250523C00010000,10.0,call,2025-05-23,2.99,3.0260239974524525,-0.03602399745245233,1.0021968887788493,0.7909227263276641,-7.366623383371788,0.010391903778466258,21,1,32,31-60,55.833506929115615,14.526771066719807,10.303709032004559,12.404800415039062,4
MARA,O:MARA250523C00010500,10.5,call,2025-05-23,2.47,2.6998836134211492,-0.22988361342114905,1.0558207628212783,0.7474991129493908,-8.157598157049456,0.011548669266663076,231,5,32,31-60,55.833506929115615,14.526771066719807,10.303709032004559,12.404800415039062,4
MARA,O:MARA250523C00011000,11.0,call,2025-05-23,2.44,2.400035078111843,0.03996492188815681,0.95565834877264,0.7020504485323219,-8.826419806828515,0.012530457276738554,225,5,32,31-60,55.833506929115615,14.526771066719807,10.303709032004559,12.404800415039062,4
MARA,O:MARA250523C00011500,11.5,call,2025-05-23,1.81,2.126185496138393,-0.316185496138393,0.9324031752030864,0.6554345409858054,-9.356873248105957,0.013313267712096668,689,580,32,31-60,55.833506929115615,14.526771066719807,10.303709032004559,12.404800415039062,4
MARA,O:MARA250523C00012000,12.0,call,2025-05-23,1.75,1.8776156766037975,-0.12761567660379747,0.9360926846531331,0.6084600884770506,-9.741597881307662,0.013885954185009014,122,103,32,31-60,55.833506929115615,14.526771066719807,10.303709032004559,12.404800415039062,4
MARA,O:MARA250523C00012500,12.5,call,2025-05-23,1.42,1.653267632047105,-0.233267632047105,0.9637618961955061,0.5618546316057207,-9.980946808936594,0.014248590122883407,72,57,32,31-60,55.833506929115615,14.526771066719807,10.303709032004559,12.404800415039062,4
MARA,O:MARA250523C00013000,13.0,call,2025-05-23,1.14,1.4518308900246302,-0.31183089002463027,0.9386766325835001,0.5162448901155238,-10.081504567436577,0.014410332722883515,357,38,32,31-60,55.833506929115615,14.526771066719807,10.303709032004559,12.404800415039062,4
MARA,O:MARA250523C00013500,13.5,call,2025-05-23,1.0,1.2718223291393675,-0.27182232913936755,0.9245523120159516,0.47214766833466393,-10.054499743358546,0.014387128420901658,137,333,32,31-60,55.833506929115615,14.526771066719807,10.303709032004559,12.404800415039062,4
MARA,O:MARA250523C00014000,14.0,call,2025-05-23,0.83,1.1116563752759072,-0.28165637527590726,0.9807969117587957,0.42996910398883165,-9.914281768189216,0.014199506544408389,468,322,32,31-60,55.833506929115615,14.526771066719807,10.303709032004559,12.404800415039062,4
MARA,O:MARA250523C00014500,14.5,call,2025-05-23,0.64,0.9697040771046179,-0.3297040771046179,0.9325276227396312,0.3900100108144026,-9.676968730219862,0.01387061729628631,176,12,32,31-60,55.833506929115615,14.526771066719807,10.303709032004559,12.404800415039062,4
MARA,O:MARA250523C00015000,15.0,call,2025-05-23,0.59,0.8443408120144067,-0.2543408120144067,0.9395660614736827,0.3524752764150318,-9.359321602490462,0.013424595530222324,312,121,32,31-60,55.833506929115615,14.526771066719807,10.303709032004559,12.404800415039062,4
MARA,O:MARA250523C00015500,15.5,call,2025-05-23,0.6,0.7339832026964044,-0.1339832026964044,0.9559521806598827,0.3174856064424899,-8.977861837418255,0.01288527585683931,151,2,32,31-60,55.833506929115615,14.526771066719807,10.303709032004559,12.404800415039062,4
MARA,O:MARA250523C00016000,16.0,call,2025-05-23,0.41,0.6371163245512586,-0.22711632455125857,0.9416319396969897,0.28509027276641163,-8.548223152291825,0.012275246540368623,173,139,32,31-60,55.833506929115615,14.526771066719807,10.303709032004559,12.404800415039062,4
MARA,O:MARA250523C00016500,16.5,call,2025-05-23,0.39,0.5523125337481165,-0.1623125337481165,0.9587897558650589,0.25527987532141017,-8.084712547785003,0.01161520657051409,61,17,32,31-60,55.833506929115615,14.526771066719807,10.303709032004559,12.404800415039062,4
MARA,O:MARA250523C00017000,17.0,call,2025-05-23,0.37,0.478243317257534,-0.108243317257534,0.9710362718429237,0.2279984364994278,-7.600047761150113,0.010923578755656223,103,212,32,31-60,55.833506929115615,14.526771066719807,10.303709032004559,12.404800415039062,4
MARA,O:MARA250523C00017500,17.5,call,2025-05-23,0.23,0.41368551971204504,-0.18368551971204503,0.9788202350824554,0.2031544013286664,-7.105236144644384,0.010216328336400791,57,5154,32,31-60,55.833506929115615,14.526771066719807,10.303709032004559,12.404800415039062,4
MARA,O:MARA250523C00018000,18.0,call,2025-05-23,0.22,0.3575231844626765,-0.1375231844626765,0.9778849726423129,0.18063031478702712,-6.609561410138851,0.009506938610584919,141,89,32,31-60,55.833506929115615,14.526771066719807,10.303709032004559,12.404800415039062,4
MARA,O:MARA250523C00019000,19.0,call,2025-05-23,0.14,0.2664459145324729,-0.1264459145324729,1.0130825862050004,0.14199091571337175,-5.644579453253509,0.008123876837561309,42,14,32,31-60,55.833506929115615,14.526771066719807,10.303709032004559,12.404800415039062,4
MARA,O:MARA250523C00020000,20.0,call,2025-05-23,0.15,0.19811854523916095,-0.048118545239160954,1.0252386025757925,0.11090305226904784,-4.748506113237389,0.006837698177013929,60,31,32,31-60,55.833506929115615,14.526771066719807,10.303709032004559,12.404800415039062,4
MARA,O:MARA250523P00009000,9.0,put,2025-05-23,0.24,0.32804876410121286,-0.08804876410121287,1.0522952458848598,-0.13169786497537295,-5.2600969796223245,0.007716527958550443,71,23,32,31-60,55.833506929115615,14.526771066719807,10.303709032004559,12.404800415039062,4
MARA,O:MARA250523P00009500,9.5,put,2025-05-23,0.33,0.44926679687681803,-0.11926679687681802,1.0159558304002714,-0.1685403453309368,-6.194794360262909,0.009097717924074973,148,52,32,31-60,55.833506929115615,14.526771066719807,10.303709032004559,12.404800415039062,4
MARA,O:MARA250523P00010000,10.0,put,2025-05-23,0.41,0.5957765629311247,-0.1857765629311247,1.0047286034877536,-0.20907727367233592,-7.067386793956256,0.010391903778466258,133,23,32,31-60,55.833506929115615,14.526771066719807,10.303709032004559,12.404800415039062,4
MARA,O:MARA250523P00010500,10.5,put,2025-05-23,0.48,0.768363827925711,-0.288363827925711,0.9808563177274009,-0.25250088705060925,-7.843399738163147,0.011548669266663076,175,38,32,31-60,55.833506929115615,14.526771066719807,10.303709032004559,12.404800415039062,4
MARA,O:MARA250523P00011000,11.0,put,2025-05-23,0.74,0.9672429416422901,-0.22724294164229009,0.9813421869435127,-0.2979495514676781,-8.497259558471429,0.012530457276738554,224,53,32,31-60,55.833506929115615,14.526771066719807,10.303709032004559,12.404800415039062,4
MARA,O:MARA250523P00011500,11.5,put,2025-05-23,0.96,1.1921210086947251,-0.23212100869472518,0.9622132514024244,-0.34456545901419455,-9.012751170278095,0.013313267712096668,125,12,32,31-60,55.833506929115615,14.526771066719807,10.303709032004559,12.404800415039062,4
MARA,O:MARA250523P00012000,12.0,put,2025-05-23,1.2,1.44227883818602,-0.24227883818602014,0.9522837562635617,-0.39153991152294937,-9.382513974009022,0.013885954185009014,158,52,32,31-60,55.833506929115615,14.526771066719807,10.303709032004559,12.404800415039062,4
MARA,O:MARA250523P00012500,12.5,put,2025-05-23,1.41,1.7166584426552127,-0.3066584426552128,0.9487233083589087,-0.4381453683942793,-9.60690107216718,0.014248590122883407,264,29,32,31-60,55.833506929115615,14.526771066719807,10.303709032004559,12.404800415039062,4
MARA,O:MARA250523P00013000,13.0,put,2025-05-23,1.48,2.013949349658625,-0.533949349658625,0.911513569242429,-0.48375510988447623,-9.692497001196385,0.014410332722883515,61,16,32,31-60,55.833506929115615,14.526771066719807,10.303709032004559,12.404800415039062,4
MARA,O:MARA250523P00013500,13.5,put,2025-05-23,1.91,2.3326684377992484,-0.42266843779924845,0.9152523027399916,-0.5278523316653361,-9.650530347647576,0.014387128420901658,242,3,32,31-60,55.833506929115615,14.526771066719807,10.303709032004559,12.404800415039062,4
MARA,O:MARA250523P00014000,14.0,put,2025-05-23,2.11,2.6712301329616723,-0.5612301329616725,0.9367610640579349,-0.5700308960111684,-9.49535054300747,0.014199506544408389,60,11,32,31-60,55.833506929115615,14.526771066719807,10.303709032004559,12.404800415039062,4
MARA,O:MARA250523P00014500,14.5,put,2025-05-23,2.56,3.0280054838162735,-0.4680054838162735,0.8756032446465546,-0.6099899891855973,-9.24307567556734,0.01387061729628631,118,4,32,31-60,55.833506929115615,14.526771066719807,10.303709032004559,12.404800415039062,4
MARA,O:MARA250523P00015000,15.0,put,2025-05-23,2.83,3.4013698677519475,-0.5713698677519474,0.9556057880949292,-0.6475247235849682,-8.910466718367164,0.013424595530222324,27,22,32,31-60,55.833506929115615,14.526771066719807,10.303709032004559,12.404800415039062,4
MARA,O:MARA250523P00015500,15.5,put,2025-05-23,3.28,3.7897399074598326,-0.5097399074598328,0.9617522963039109,-0.6825143935575101,-8.51404512382418,0.01288527585683931,15,21,32,31-60,55.833506929115615,14.526771066719807,10.303709032004559,12.404800415039062,4
MARA,O:MARA250523P00016000,16.0,put,2025-05-23,3.6,4.191600678340574,-0.5916006783405741,0.961604970516169,-0.7149097272335884,-8.069444609226974,0.012275246540368623,28,13,32,31-60,55.833506929115615,14.526771066719807,10.303709032004559,12.404800415039062,4
MARA,O:MARA250523P00016500,16.5,put,2025-05-23,4.37,4.6055245365633155,-0.2355245365633154,0.9609467515053542,-0.7447201246785898,-7.590972175249375,0.01161520657051409,40,14,32,31-60,55.833506929115615,14.526771066719807,10.303709032004559,12.404800415039062,4
MARA,O:MARA250523P00017000,17.0,put,2025-05-23,4.7,5.0301829690986235,-0.3301829690986233,0.981490733700686,-0.7720015635005721,-7.091345559143708,0.010923578755656223,83,20,32,31-60,55.833506929115615,14.526771066719807,10.303709032004559,12.404800415039062,4
MARA,O:MARA250523P00017500,17.5,put,2025-05-23,5.43,5.4643528205790215,-0.03435282057902178,1.012425117973131,-0.7968455986713336,-6.581572113167203,0.010216328336400791,10,2,32,31-60,55.833506929115615,14.526771066719807,10.303709032004559,12.404800415039062,4
MARA,O:MARA250523P00018000,18.0,put,2025-05-23,5.9,5.906918134355539,-0.006918134355538896,0.9658008113667843,-0.8193696852129728,-6.070935549190893,0.009506938610584919,32,2,32,31-60,55.833506929115615,14.526771066719807,10.303709032004559,12.404800415039062,4
MARA,O:MARA250530C00009000,9.0,call,2025-05-30,4.13,3.8605979812066495,0.26940201879335035,0.9821388297642257,0.8523281753280281,-5.394497896264362,0.00923521379471872,14,1,39,31-60,55.833506929115615,14.526771066719807,10.303709032004559,12.404800415039062,4
MARA,O:MARA250530C00009500,9.5,call,2025-05-30,3.05,3.499525975168286,-0.4495259751682861,0.9408916883176638,0.8168314243109527,-6.1696742103076625,0.010617979504747388,5,9,39,31-60,55.833506929115615,14.526771066719807,10.303709032004559,12.404800415039062,4
MARA,O:MARA250530C00010000,10.0,call,2025-05-30,2.98,3.162542780048285,-0.18254278004828484,0.979200136774249,0.7786325078690453,-6.882753831008195,0.011893388819182109,14,1,39,31-60,55.833506929115615,14.526771066719807,10.303709032004559,12.404800415039062,4
MARA,O:MARA250530C00010500,10.5,call,2025-05-30,2.5,2.8499161222376888,-0.34991612223768875,0.9445862803540006,0.7384050505453171,-7.51278181427199,0.013023744923398684,6,2,39,31-60,55.833506929115615,14.526771066719807,10.303709032004559,12.404800415039062,4
MARA,O:MARA250530C00011500,11.5,call,2025-05-30,2.25,2.296732430685692,-0.046732430685691995,0.9431949566568373,0.6545503096072707,-8.471154143795973,0.014754052058628465,36,5,39,31-60,55.833506929115615,14.526771066719807,10.303709032004559,12.404800415039062,4
MARA,O:MARA250530C00012000,12.0,call,2025-05-30,1.6,2.0548400756783316,-0.4548400756783315,0.9220758424867903,0.6121702900653956,-8.787850056197964,0.015332391376666142,214,11,39,31-60,55.833506929115615,14.526771066719807,10.303709032004559,12.404800415039062,4
MARA,O:MARA250530C00012500,12.5,call,2025-05-30,1.51,1.8347714515311315,-0.3247714515311315,0.9363750920839987,0.57021624839045,-8.996705851993308,0.015719835278596245,87,21,39,31-60,55.833506929115615,14.526771066719807,10.303709032004559,12.404800415039062,4
MARA,O:MARA250530C00013000,13.0,call,2025-05-30,1.31,1.6353277732150096,-0.3253277732150095,0.9247719142971537,0.5291399119427656,-9.102877226928154,0.015925189501577414,152,62,39,31-60,55.833506929115615,14.526771066719807,10.303709032004559,12.404800415039062,4
MARA,O:MARA250530C00013500,13.5,call,2025-05-30,1.27,1.4552055679186893,-0.18520556791868925,0.9136507581045358,0.48931354168683766,-9.114201466641756,0.015962075602594102,105,75,39,31-60,55.833506929115615,14.526771066719807,10.303709032004559,12.404800415039062,4
MARA,O:MARA250530C00014000,14.0,call,2025-05-30,0.96,1.2930445780271382,-0.33304457802713827,0.9370658568615846,0.4510318169535295,-9.0403161232497,0.015847364962488855,233,371,39,31-60,55.833506929115615,14.526771066719807,10.303709032004559,12.404800415039062,4
MARA,O:MARA250530C00014500,14.5,call,2025-05-30,0.82,1.1474672573059372,-0.3274672573059373,0.9222723779472045,0.4145167993318011,-8.891894018856043,0.015599817174069486,137,30,39,31-60,55.833506929115615,14.526771066719807,10.303709032004559,12.404800415039062,4
MARA,O:MARA250530C00015000,15.0,call,2025-05-30,0.65,1.0171102388377466,-0.3671102388377466,0.8950945353734788,0.3799248491829326,-8.68001174337685,0.015238954109681756,327,56,39,31-60,55.833506929115615,14.526771066719807,10.303709032004559,12.404800415039062,4
MARA,O:MARA250530C00015500,15.5,call,2025-05-30,0.55,0.9006484983605603,-0.3506484983605602,0.9388261617053489,0.34735459170130484,-8.415652935270415,0.014784172596091074,91,21,39,31-60,55.833506929115615,14.526771066719807,10.303709032004559,12.404800415039062,4
MARA,O:MARA250530C00016000,16.0,call,2025-05-30,0.5,0.7968131150275735,-0.29681311502757346,0.9293075636833403,0.31685524483438543,-8.109337404584986,0.014254080300385361,146,187,39,31-60,55.833506929115615,14.526771066719807,10.303709032004559,12.404800415039062,4
MARA,O:MARA250530C00016500,16.5,call,2025-05-30,0.45,0.7044035915527966,-0.2544035915527966,0.9277458916505062,0.2884348126891566,-7.770861342961129,0.013666028966475612,185,27,39,31-60,55.833506929115615,14.526771066719807,10.303709032004559,12.404800415039062,4
MARA,O:MARA250530C00017000,17.0,call,2025-05-30,0.36,0.6222956765653462,-0.26229567656534625,0.9380997839698644,0.2620678083380633,-7.409131278317204,0.013035814434234528,121,25,39,31-60,55.833506929115615,14.526771066719807,10.303709032004559,12.404800415039062,4
MARA,O:MARA250530C00017500,17.5,call,2025-05-30,0.34,0.5494455640867071,-0.20944556408670706,0.8100658164130422,0.2377022980343521,-7.032074053640196,0.012377512112153636,8,34,39,31-60,55.833506929115615,14.526771066719807,10.303709032004559,12.404800415039062,4
MARA,O:MARA250530C00018000,18.0,call,2025-05-30,0.28,0.48489125063958216,-0.20489125063958213,0.953857750266181,0.21526615696084228,-6.646606127603746,0.011703418315326841,432,46,39,31-60,55.833506929115615,14.526771066719807,10.303709032004559,12.404800415039062,4
MARA,O:MARA250530C00019000,19.0,call,2025-05-30,0.2,0.3772245614021763,-0.1772245614021763,0.9674086378597349,0.17582429070432837,-5.873166129522547,0.010348327537720376,180,46,39,31-60,55.833506929115615,14.526771066719807,10.303709032004559,12.404800415039062,4
MARA,O:MARA250530C00020000,20.0,call,2025-05-30,0.18,0.29316857131693186,-0.11316857131693187,0.9910974568177565,0.14294775043076757,-5.125167123494387,0.009035394517839144,388,764,39,31-60,55.833506929115615,14.526771066719807,10.303709032004559,12.404800415039062,4
MARA,O:MARA250530C00021000,21.0,call,2025-05-30,0.12,0.2277248002964547,-0.1077248002964547,0.995012193885423,0.11578662914955429,-4.426132481364247,0.00780674791771338,29,32,39,31-60,55.833506929115615,14.526771066719807,10.303709032004559,12.404800415039062,4
MARA,O:MARA250530P00008500,8.5,put,2025-05-30,0.19,0.3137033707159185,-0.12370337071591847,1.0642782337004644,-0.11550356350964358,-4.329853566948553,0.00779318566845024,15,20,39,31-60,55.833506929115615,14.526771066719807,10.303709032004559,12.404800415039062,4
MARA,O:MARA250530P00009000,9.0,put,2025-05-30,0.31,0.42773182862744163,-0.11773182862744164,1.0167946956693708,-0.14767182467197187,-5.125339868390566,0.00923521379471872,21,1062,39,31-60,55.833506929115615,14.526771066719807,10.303709032004559,12.404800415039062,4
MARA,O:MARA250530P00009500,9.5,put,2025-05-30,0.34,0.5651006149479585,-0.22510061494795847,0.9987722129637331,-0.18316857568904737,-5.8855629586631,0.010617979504747388,37,12,39,31-60,55.833506929115615,14.526771066719807,10.303709032004559,12.404800415039062,4
MARA,O:MARA250530P00010000,10.0,put,2025-05-30,0.52,0.7265582121868395,-0.20655821218683945,0.983053270493442,-0.22136749213095475,-6.583689355592866,0.011893388819182109,111,89,39,31-60,55.833506929115615,14.526771066719807,10.303709032004559,12.404800415039062,4
MARA,O:MARA250530P00010500,10.5,put,2025-05-30,0.65,0.9123723467351219,-0.2623723467351219,0.961901001360536,-0.26159494945468287,-7.198764115085894,0.013023744923398684,14,13,39,31-60,55.833506929115615,14.526771066719807,10.303709032004559,12.404800415039062,4
MARA,O:MARA250530P00011000,11.0,put,2025-05-30,0.81,1.1223835093586403,-0.31238350935864023,0.9723724999462923,-0.3031723635996329,-7.716131001338731,0.013982526255026634,34,11,39,31-60,55.833506929115615,14.526771066719807,10.303709032004559,12.404800415039062,4
MARA,O:MARA250530P00011500,11.5,put,2025-05-30,1.03,1.3560702399008875,-0.32607023990088746,0.9203466075691731,-0.34544969039272927,-8.127229997068344,0.014754052058628465,65,2,39,31-60,55.833506929115615,14.526771066719807,10.303709032004559,12.404800415039062,4
MARA,O:MARA250530P00012000,12.0,put,2025-05-30,1.32,1.6126186772524083,-0.2926186772524082,0.9394780657437899,-0.3878297099346044,-8.42897268569957,0.015332391376666142,62,29,39,31-60,55.833506929115615,14.526771066719807,10.303709032004559,12.404800415039062,4
MARA,O:MARA250530P00012500,12.5,put,2025-05-30,1.38,1.8909908454640902,-0.5109908454640903,0.9473171313175832,-0.4297837516095499,-8.622875257724148,0.015719835278596245,152,28,39,31-60,55.833506929115615,14.526771066719807,10.303709032004559,12.404800415039062,4
MARA,O:MARA250530P00013000,13.0,put,2025-05-30,1.52,2.189987959506845,-0.669987959506845,0.9151745023212977,-0.4708600880572345,-8.714093408888226,0.015925189501577414,36,11,39,31-60,55.833506929115615,14.526771066719807,10.303709032004559,12.404800415039062,4
MARA,O:MARA250530P00013500,13.5,put,2025-05-30,1.89,2.508306546569406,-0.618306546569406,0.8811544761926031,-0.5106864583131624,-8.710464424831061,0.015962075602594102,5,8,39,31-60,55.833506929115615,14.526771066719807,10.303709032004559,12.404800415039062,4
MARA,O:MARA250530P00014000,14.0,put,2025-05-30,2.27,2.844586349036737,-0.5745863490367369,0.8667244269350405,-0.5489681830464705,-8.621625857668239,0.015847364962488855,21,1,39,31-60,55.833506929115615,14.526771066719807,10.303709032004559,12.404800415039062,4
MARA,O:MARA250530P00016000,16.0,put,2025-05-30,3.58,4.342118055472694,-0.7621180554726941,0.93954695684693,-0.6831447551656146,-7.63083424392046,0.014254080300385361,60,1,39,31-60,55.833506929115615,14.526771066719807,10.303709032004559,12.404800415039062,4
MARA,O:MARA250530P00016500,16.5,put,2025-05-30,4.45,4.748149324356797,-0.298149324356797,0.9383858101925223,-0.7115651873108434,-7.277404958525836,0.013666028966475612,10,1,39,31-60,55.833506929115615,14.526771066719807,10.303709032004559,12.404800415039062,4
MARA,O:MARA250530P00017000,17.0,put,2025-05-30,4.7,5.164482201728228,-0.4644822017282282,0.9568505518372635,-0.7379321916619367,-6.900721670111146,0.013035814434234528,22,1,39,31-60,55.833506929115615,14.526771066719807,10.303709032004559,12.404800415039062,4
MARA,O:MARA250530P00017500,17.5,put,2025-05-30,5.33,5.590072881608473,-0.26007288160847253,0.9534494212038537,-0.7622977019656478,-6.508711221663371,0.012377512112153636,48,1,39,31-60,55.833506929115615,14.526771066719807,10.303709032004559,12.404800415039062,4
MARA,O:MARA250530P00018000,18.0,put,2025-05-30,5.63,6.023959360520228,-0.3939593605202285,0.9730589314072595,-0.7847338430391577,-6.108290071856154,0.011703418315326841,86,71,39,31-60,55.833506929115615,14.526771066719807,10.303709032004559,12.404800415039062,4
MARA,O:MARA250530P00021000,21.0,put,2025-05-30,8.1,8.757437664330382,-0.6574376643303825,1.0283589601915977,-0.8842133708504457,-3.798097082992057,0.00780674791771338,22,5,39,31-60,55.833506929115615,14.526771066719807,10.303709032004559,12.404800415039062,4
MARA,O:MARA250620C00005000,5.0,call,2025-06-20,7.3,7.464974168581421,-0.16497416858142078,1.1019413335123824,0.9852192375738684,-0.8181317375795389,0.0018649689592152802,310,2,60,31-60,55.833506929115615,14.526771066719807,10.303709032004559,12.404800415039062,4
MARA,O:MARA250620C00006000,6.0,call,2025-06-20,6.4,6.536768600164109,-0.13676860016410863,1.2170116682335315,0.9631610874953163,-1.6178326518643429,0.00401882371160872,88,5,60,31-60,55.833506929115615,14.526771066719807,10.303709032004559,12.404800415039062,4
MARA,O:MARA250620C00007000,7.0,call,2025-06-20,6.19,5.667136184336715,0.5228638156632854,1.0209829903091787,0.9280122009280991,-2.6533070823078306,0.006841982201609622,91,18,60,31-60,55.833506929115615,14.526771066719807,10.303709032004559,12.404800415039062,4
MARA,O:MARA250620C00008000,8.0,call,2025-06-20,4.75,4.870735288510337,-0.12073528851033721,1.018669044389955,0.8804986600984185,-3.7842291431621606,0.009947454932242328,524,2,60,31-60,55.833506929115615,14.526771066719807,10.303709032004559,12.404800415039062,4
MARA,O:MARA250620C00009000,9.0,call,2025-06-20,4.3,4.155951614529033,0.14404838547096688,0.9815315693602319,0.823108289618355,-4.869565795599102,0.012943970022592705,421,8,60,31-60,55.833506929115615,14.526771066719807,10.303709032004559,12.404800415039062,4
MARA,O:MARA250620C00010000,10.0,call,2025-06-20,3.29,3.5252136182177827,-0.23521361821778264,0.96625856306593,0.7591146187236402,-5.8032288654142645,0.015535442008256245,4159,116,60,31-60,55.833506929115615,14.526771066719807,10.303709032004559,12.404800415039062,4
MARA,O:MARA250620C00011000,11.0,call,2025-06-20,2.53,2.976302956787144,-0.4463029567871444,0.9501668582618681,0.691810600019578,-6.524271014182385,0.017550020146978852,2717,771,60,31-60,55.833506929115615,14.526771066719807,10.303709032004559,12.404800415039062,4
MARA,O:MARA250620C00012000,12.0,call,2025-06-20,2.14,2.503884316684281,-0.3638843166842807,0.9209148497015756,0.624055683814195,-7.011829851825357,0.01892672058937111,4610,700,60,31-60,55.833506929115615,14.526771066719807,10.303709032004559,12.404800415039062,4
MARA,O:MARA250620C00013000,13.0,call,2025-06-20,1.68,2.1008543014560974,-0.4208543014560975,0.9288047792151288,0.5580845318678425,-7.27412843686463,0.019685363647477375,7731,372,60,31-60,55.833506929115615,14.526771066719807,10.303709032004559,12.404800415039062,4
MARA,O:MARA250620C00014000,14.0,call,2025-06-20,1.34,1.7593698002967377,-0.41936980029673765,0.9189436098198441,0.4954865995759907,-7.337129178164696,0.01989535193727941,7587,241,60,31-60,55.833506929115615,14.526771066719807,10.303709032004559,12.404800415039062,4
MARA,O:MARA250620C00015000,15.0,call,2025-06-20,1.06,1.4715546214997537,-0.41155462149975364,0.9273879512802713,0.43727731701563854,-7.235316100980829,0.019650204434145155,13711,1102,60,31-60,55.833506929115615,14.526771066719807,10.303709032004559,12.404800415039062,4
MARA,O:MARA250620C00016000,16.0,call,2025-06-20,0.85,1.229939865134344,-0.3799398651343441,0.9324253000846842,0.3840062557761718,-7.005209771424881,0.019049575686284712,6383,2477,60,31-60,55.833506929115615,14.526771066719807,10.303709032004559,12.404800415039062,4
MARA,O:MARA250620C00017000,17.0,call,2025-06-20,0.66,1.0277063146165202,-0.36770631461652015,0.9422267532103853,0.3358700450473461,-6.6813346410704035,0.018188025192750958,4964,240,60,31-60,55.833506929115615,14.526771066719807,10.303709032004559,12.404800415039062,4
MARA,O:MARA250620C00018000,18.0,call,2025-06-20,0.53,0.8587904315815673,-0.3287904315815673,0.9501614613827172,0.2928137680299824,-6.2940613425205045,0.01714896429829979,9102,363,60,31-60,55.833506929115615,14.526771066719807,10.303709032004559,12.404800415039062,4
MARA,O:MARA250620C00019000,19.0,call,2025-06-20,0.44,0.7179025163128205,-0.27790251631282054,0.9758267729317137,0.25461450592393975,-5.868738370704578,0.016002174314704062,6200,319,60,31-60,55.833506929115615,14.526771066719807,10.303709032004559,12.404800415039062,4
MARA,O:MARA250620C00020000,20.0,call,2025-06-20,0.38,0.6004923868353136,-0.22049238683531358,0.9865364031733062,0.2209462144513104,-5.425632254115889,0.014803571819968046,27483,1117,60,31-60,55.833506929115615,14.526771066719807,10.303709032004559,12.404800415039062,4
MARA,O:MARA250620C00021000,21.0,call,2025-06-20,0.34,0.5026868661228099,-0.16268686612280986,0.9961691387864281,0.19142779132628712,-4.9803236231766235,0.013596247684213015,4552,56,60,31-60,55.833506929115615,14.526771066719807,10.303709032004559,12.404800415039062,4
MARA,O:MARA250620C00022000,22.0,call,2025-06-20,0.25,0.42121495142655907,-0.17121495142655907,1.022197887986061,0.16565720067807888,-4.544320637893662,0.012412119558886279,5377,192,60,31-60,55.833506929115615,14.526771066719807,10.303709032004559,12.404800415039062,4
MARA,O:MARA250620C00023000,23.0,call,2025-06-20,0.26,0.3533305160649347,-0.0933305160649347,1.0470145180449644,0.14323463921405344,-4.125739528997848,0.011273780730460859,2458,14,60,31-60,55.833506929115615,14.526771066719807,10.303709032004559,12.404800415039062,4
MARA,O:MARA250620C00024000,24.0,call,2025-06-20,0.2,0.29673827181458123,-0.09673827181458122,1.0602219212753254,0.12377742973796124,-3.7299648641391925,0.01019630176297091,3803,39,60,31-60,55.833506929115615,14.526771066719807,10.303709032004559,12.404800415039062,4
MARA,O:MARA250620C00025000,25.0,call,2025-06-20,0.17,0.24952600562404426,-0.07952600562404424,1.0696834436002913,0.10692887570750642,-3.3602441788649635,0.009188857638341087,30697,492,60,31-60,55.833506929115615,14.526771066719807,10.303709032004559,12.404800415039062,4
MARA,O:MARA250620P00008000,8.0,put,2025-06-20,0.3,0.427234264486287,-0.127234264486287,1.0534008915860922,-0.11950133990158152,-3.54539016143171,0.009947454932242328,4083,46,60,31-60,55.833506929115615,14.526771066719807,10.303709032004559,12.404800415039062,4
MARA,O:MARA250620P00009000,9.0,put,2025-06-20,0.55,0.7076130143818595,-0.15761301438185948,1.0112494192250174,-0.17689171038164492,-4.600871941152345,0.012943970022592705,2973,67,60,31-60,55.833506929115615,14.526771066719807,10.303709032004559,12.404800415039062,4
MARA,O:MARA250620P00010000,10.0,put,2025-06-20,0.78,1.072037441947486,-0.29203744194748604,0.9520757525732538,-0.24088538127635983,-5.504680138251201,0.015535442008256245,7286,5481,60,31-60,55.833506929115615,14.526771066719807,10.303709032004559,12.404800415039062,4
MARA,O:MARA250620P00011000,11.0,put,2025-06-20,1.13,1.5182892043937226,-0.3882892043937227,0.9602139899728576,-0.30818939998042205,-6.195867414303016,0.017550020146978852,8744,372,60,31-60,55.833506929115615,14.526771066719807,10.303709032004559,12.404800415039062,4
MARA,O:MARA250620P00012000,12.0,put,2025-06-20,1.58,2.0410329881677365,-0.4610329881677364,0.9414968345804857,-0.37594431618580504,-6.653571379229682,0.01892672058937111,5888,43,60,31-60,55.833506929115615,14.526771066719807,10.303709032004559,12.404800415039062,4
MARA,O:MARA250620P00013000,13.0,put,2025-06-20,2.11,2.6331653968164295,-0.5231653968164296,0.9277583646547252,-0.44191546813215754,-6.886015091552649,0.019685363647477375,13932,5217,60,31-60,55.833506929115615,14.526771066719807,10.303709032004559,12.404800415039062,4
MARA,O:MARA250620P00014000,14.0,put,2025-06-20,2.8,3.286843319533946,-0.48684331953394633,0.9248851840498926,-0.5045134004240093,-6.919160960136408,0.01989535193727941,2970,273,60,31-60,55.833506929115615,14.526771066719807,10.303709032004559,12.404800415039062,4
MARA,O:MARA250620P00015000,15.0,put,2025-06-20,3.53,3.994190564613838,-0.46419056461383823,0.9243606891184208,-0.5627226829843615,-6.7874930102362345,0.019650204434145155,4508,69,60,31-60,55.833506929115615,14.526771066719807,10.303709032004559,12.404800415039062,4
MARA,O:MARA250620P00016000,16.0,put,2025-06-20,4.31,4.747738232125305,-0.43773823212530516,0.9438771660737147,-0.6159937442238282,-6.527531807963981,0.019049575686284712,3047,22,60,31-60,55.833506929115615,14.526771066719807,10.303709032004559,12.404800415039062,4
MARA,O:MARA250620P00017000,17.0,put,2025-06-20,5.13,5.540667105484356,-0.4106671054843565,0.9499194070596966,-0.6641299549526539,-6.173801804893197,0.018188025192750958,5917,15,60,31-60,55.833506929115615,14.526771066719807,10.303709032004559,12.404800415039062,4
MARA,O:MARA250620P00018000,18.0,put,2025-06-20,6.02,6.366913646326282,-0.3469136463262821,0.9591988977810924,-0.7071862319700176,-5.756673633626991,0.01714896429829979,2294,20,60,31-60,55.833506929115615,14.526771066719807,10.303709032004559,12.404800415039062,4
MARA,O:MARA250620P00019000,19.0,put,2025-06-20,6.9,7.22118815493441,-0.32118815493440955,0.9973615300826141,-0.7453854940760603,-5.3014957890947585,0.016002174314704062,1819,56,60,31-60,55.833506929115615,14.526771066719807,10.303709032004559,12.404800415039062,4
MARA,O:MARA250620P00020000,20.0,put,2025-06-20,7.8,8.098940449333782,-0.2989404493337817,0.9706864640622999,-0.7790537855486896,-4.828534799789763,0.014803571819968046,2722,8,60,31-60,55.833506929115615,14.526771066719807,10.303709032004559,12.404800415039062,4
MARA,O:MARA250620P00021000,21.0,put,2025-06-20,8.9,8.99629735249815,-0.09629735249814964,1.0355250895383317,-0.8085722086737128,-4.353371296134192,0.013596247684213015,1046,17,60,31-60,55.833506929115615,14.526771066719807,10.303709032004559,12.404800415039062,4
MARA,O:MARA250620P00022000,22.0,put,2025-06-20,9.6,9.909987861678777,-0.3099878616787777,1.006745949245446,-0.8343427993219211,-3.887513438134924,0.012412119558886279,1989,12,60,31-60,55.833506929115615,14.526771066719807,10.303709032004559,12.404800415039062,4
MARA,O:MARA250620P00023000,23.0,put,2025-06-20,10.65,10.83726585019403,-0.18726585019402897,1.0896327036897102,-0.8567653607859466,-3.4390774565228024,0.011273780730460859,947,16,60,31-60,55.833506929115615,14.526771066719807,10.303709032004559,12.404800415039062,4
MARA,O:MARA250620P00024000,24.0,put,2025-06-20,11.9,11.775836029820557,0.1241639701794437,1.0965763004250422,-0.8762225702620388,-3.0134479189478416,0.01019630176297091,1758,11,60,31-60,55.833506929115615,14.526771066719807,10.303709032004559,12.404800415039062,4
MARA,O:MARA250620P00025000,25.0,put,2025-06-20,12.25,12.723786187506896,-0.47378618750689583,1.1057609165717384,-0.8930711242924936,-2.613872360957306,0.009188857638341087,1495,1,60,31-60,55.833506929115615,14.526771066719807,10.303709032004559,12.404800415039062,4
MARA,O:MARA250620P00026000,26.0,put,2025-06-20,13.7,13.679526990021932,0.020473009978067225,1.1884741637311902,-0.9076371565987875,-2.2419714724423,0.008256126751537939,252,2,60,31-60,55.833506929115615,14.526771066719807,10.303709032004559,12.404800415039062,4
MARA,O:MARA250620P00027000,27.0,put,2025-06-20,14.32,14.641739607808665,-0.32173960780866473,1.1949111456022956,-0.9202145808600466,-1.8981617935734119,0.007399451986470217,321,3,60,31-60,55.833506929115615,14.526771066719807,10.303709032004559,12.404800415039062,4
MARA,O:MARA250620P00028000,28.0,put,2025-06-20,15.67,15.609330815142453,0.06066918485754691,1.1996998129150696,-0.9310653597418015,-1.5819964855178392,0.0066177781845188355,76,2,60,31-60,55.833506929115615,14.526771066719807,10.303709032004559,12.404800415039062,4
MARA,O:MARA250620P00029000,29.0,put,2025-06-20,17.75,16.58139491723108,1.16860508276892,1.2009098269217198,-0.9404209781915465,-1.2924338237726078,0.005908391848941813,73,2,60,31-60,55.833506929115615,14.526771066719807,10.303709032004559,12.404800415039062,4
MARA,O:MARA250620P00030000,30.0,put,2025-06-20,17.7,17.557181727149576,0.14281827285042326,1.2407073022537274,-0.9484846113499696,-1.0280444160075153,0.005267492874726487,466,5,60,31-60,55.833506929115615,14.526771066719807,10.303709032004559,12.404800415039062,4
MARA,O:MARA250620P00031000,31.0,put,2025-06-20,17.95,18.53606979422993,-0.5860697942299318,1.2792441724540062,-0.9554336362370727,-0.7871679581143529,0.004690627735246721,545,6,60,31-60,55.833506929115615,14.526771066719807,10.303709032004559,12.404800415039062,4
MARA,O:MARA250620P00032000,32.0,put,2025-06-20,19.65,19.51754412394328,0.13245587605671716,1.1828432935327233,-0.961422252654961,-0.5680293643259787,0.004173010979828313,398,2,60,31-60,55.833506929115615,14.526771066719807,10.303709032004559,12.404800415039062,4
