ticker,contractSymbol,strike,type,expiration,lastPrice,theoretical_price,mispricing,impliedVolatility,delta,theta,vega,openInterest,volume,daysToExpiry,expiryBucket,RSI,UpperBB,LowerBB,Close,EMA_Signal,MACD_Hist,bb_norm,rsi_norm,trend_pass,missing_signal,score
MARA,O:MARA250425C00011000,11.0,call,2025-04-25,1.54,,,0.6531285445831793,0.8331472502356057,-17.489230730269597,0.003216837445157687,855,607,4,0-7,55.019058334681446,14.521774555977338,10.297225497428425,12.289999961853027,,,0.471712941856355,0.5501905833468145,False,False,4
MARA,O:MARA250425C00011500,11.5,call,2025-04-25,1.09,,,0.7744876276950181,0.7273677950227904,-23.125501208643676,0.004274624424037937,2309,320,4,0-7,55.019058334681446,14.521774555977338,10.297225497428425,12.289999961853027,,,0.471712941856355,0.5501905833468145,False,False,4
MARA,O:MARA250425C00012000,12.0,call,2025-04-25,0.69,,,0.8613514549369113,0.6019765848501847,-26.780392908963186,0.004964082539971781,3345,2977,4,0-7,55.019058334681446,14.521774555977338,10.297225497428425,12.289999961853027,,,0.471712941856355,0.5501905833468145,False,False,4
MARA,O:MARA250425C00012500,12.5,call,2025-04-25,0.43,,,0.920694637978245,0.4705866369013252,-27.567393149342735,0.005118738958372747,4475,6686,4,0-7,55.019058334681446,14.521774555977338,10.297225497428425,12.289999961853027,,,0.471712941856355,0.5501905833468145,False,False,4
MARA,O:MARA250425C00013000,13.0,call,2025-04-25,0.25,,,0.9347501546800139,0.34715091977099444,-25.55924123395836,0.004751199424221467,38916,14505,4,0-7,55.019058334681446,14.521774555977338,10.297225497428425,12.289999961853027,,,0.471712941856355,0.5501905833468145,False,False,4
MARA,O:MARA250425C00013500,13.5,call,2025-04-25,0.16,,,0.9903060779212942,0.2419002058837985,-21.59181450339832,0.004016812675980475,13900,11141,4,0-7,55.019058334681446,14.521774555977338,10.297225497428425,12.289999961853027,,,0.471712941856355,0.5501905833468145,False,False,4
MARA,O:MARA250425C00014000,14.0,call,2025-04-25,0.1,,,1.0554012235084214,0.15957409639552939,-16.78825007959911,0.003124936452869385,35949,17942,4,0-7,55.019058334681446,14.521774555977338,10.297225497428425,12.289999961853027,,,0.471712941856355,0.5501905833468145,False,False,4
MARA,O:MARA250425P00011000,11.0,put,2025-04-25,0.11,,,1.1704615518409884,-0.1668527497643944,-17.159339205587745,0.003216837445157687,2400,2912,4,0-7,55.019058334681446,14.521774555977338,10.297225497428425,12.289999961853027,,,0.471712941856355,0.5501905833468145,False,False,4
MARA,O:MARA250425P00011500,11.5,put,2025-04-25,0.2,,,1.0934653702614994,-0.27263220497720964,-22.780614614658106,0.004274624424037937,2129,2995,4,0-7,55.019058334681446,14.521774555977338,10.297225497428425,12.289999961853027,,,0.471712941856355,0.5501905833468145,False,False,4
MARA,O:MARA250425P00012000,12.0,put,2025-04-25,0.37,,,1.1109167592812208,-0.3980234151498153,-26.420511245673897,0.004964082539971781,2722,4654,4,0-7,55.019058334681446,14.521774555977338,10.297225497428425,12.289999961853027,,,0.471712941856355,0.5501905833468145,False,False,4
MARA,O:MARA250425P00012500,12.5,put,2025-04-25,0.61,,,1.1483317793791288,-0.5294133630986748,-27.192516416749722,0.005118738958372747,4075,6834,4,0-7,55.019058334681446,14.521774555977338,10.297225497428425,12.289999961853027,,,0.471712941856355,0.5501905833468145,False,False,4
MARA,O:MARA250425P00013000,13.0,put,2025-04-25,0.98,,,1.200459234754543,-0.6528490802290056,-25.169369432061625,0.004751199424221467,1740,1826,4,0-7,55.019058334681446,14.521774555977338,10.297225497428425,12.289999961853027,,,0.471712941856355,0.5501905833468145,False,False,4
MARA,O:MARA250425P00013500,13.5,put,2025-04-25,1.33,,,1.2684855191655156,-0.7580997941162015,-21.18694763219787,0.004016812675980475,1594,251,4,0-7,55.019058334681446,14.521774555977338,10.297225497428425,12.289999961853027,,,0.471712941856355,0.5501905833468145,False,False,4
MARA,O:MARA250425P00014000,14.0,put,2025-04-25,1.79,,,1.4062953743289761,-0.8404259036044706,-16.368388139094936,0.003124936452869385,1764,640,4,0-7,55.019058334681446,14.521774555977338,10.297225497428425,12.289999961853027,,,0.471712941856355,0.5501905833468145,False,False,4
MARA,O:MARA250425P00014500,14.5,put,2025-04-25,2.02,,,1.451586640562261,-0.9000485289733557,-11.686093060926808,0.00225711917647456,1454,38,4,0-7,55.019058334681446,14.521774555977338,10.297225497428425,12.289999961853027,,,0.471712941856355,0.5501905833468145,False,False,4
MARA,O:MARA250425P00015000,15.0,put,2025-04-25,2.69,,,1.710755578175907,-0.9403552272173601,-7.739556759559351,0.0015254949208908766,878,550,4,0-7,55.019058334681446,14.521774555977338,10.297225497428425,12.289999961853027,,,0.471712941856355,0.5501905833468145,False,False,4
MARA,O:MARA250425P00015500,15.5,put,2025-04-25,3.17,,,1.9187759227243313,-0.9659729397552137,-4.7485282033822935,0.0009713778845297826,143,125,4,0-7,55.019058334681446,14.521774555977338,10.297225497428425,12.289999961853027,,,0.471712941856355,0.5501905833468145,False,False,4
MARA,O:MARA250425P00016000,16.0,put,2025-04-25,3.65,,,1.9863081505640852,-0.9813771237285949,-2.66612762279501,0.0005862912788268094,205,44,4,0-7,55.019058334681446,14.521774555977338,10.297225497428425,12.289999961853027,,,0.471712941856355,0.5501905833468145,False,False,4
MARA,O:MARA250425P00016500,16.5,put,2025-04-25,4.18,,,2.0515682389900913,-0.9901895480315462,-1.314328150116293,0.0003372181275379376,407,15,4,0-7,55.019058334681446,14.521774555977338,10.297225497428425,12.289999961853027,,,0.471712941856355,0.5501905833468145,False,False,4
MARA,O:MARA250502C00009000,9.0,call,2025-05-02,3.85,,,1.893246479238345,0.9490284594203178,-4.600030917560179,0.0022344430347251074,144,5,11,8-30,55.019058334681446,14.521774555977338,10.297225497428425,12.289999961853027,,,0.471712941856355,0.5501905833468145,False,False,4
MARA,O:MARA250502C00010500,10.5,call,2025-05-02,2.13,,,0.5554370334929345,0.8102742393772959,-11.499534716760834,0.005784560515337656,266,55,11,8-30,55.019058334681446,14.521774555977338,10.297225497428425,12.289999961853027,,,0.471712941856355,0.5501905833468145,False,False,4
MARA,O:MARA250502C00011000,11.0,call,2025-05-02,1.78,,,0.8163934473842219,0.7423408558153248,-13.634046963742124,0.006888166371133062,395,81,11,8-30,55.019058334681446,14.521774555977338,10.297225497428425,12.289999961853027,,,0.471712941856355,0.5501905833468145,False,False,4
MARA,O:MARA250502C00011500,11.5,call,2025-05-02,1.23,,,0.8398118204133393,0.6672753734281958,-15.297775664785242,0.007751959794838096,379,101,11,8-30,55.019058334681446,14.521774555977338,10.297225497428425,12.289999961853027,,,0.471712941856355,0.5501905833468145,False,False,4
MARA,O:MARA250502C00012000,12.0,call,2025-05-02,0.98,,,0.8118365656996153,0.5884314861626532,-16.34723881963909,0.00830163620003869,1706,235,11,8-30,55.019058334681446,14.521774555977338,10.297225497428425,12.289999961853027,,,0.471712941856355,0.5501905833468145,False,False,4
MARA,O:MARA250502C00012500,12.5,call,2025-05-02,0.71,,,0.8674417341466863,0.5092349157203523,-16.72946486190995,0.008509332185849679,2741,2229,11,8-30,55.019058334681446,14.521774555977338,10.297225497428425,12.289999961853027,,,0.471712941856355,0.5501905833468145,False,False,4
MARA,O:MARA250502C00013000,13.0,call,2025-05-02,0.52,,,0.868146583669549,0.4327600781948181,-16.475600627565758,0.008390427491717025,1944,4063,11,8-30,55.019058334681446,14.521774555977338,10.297225497428425,12.289999961853027,,,0.471712941856355,0.5501905833468145,False,False,4
MARA,O:MARA250502C00013500,13.5,call,2025-05-02,0.37,,,0.8749732697139906,0.3614492780487658,-15.6802484184261,0.007992992750341084,5450,3902,11,8-30,55.019058334681446,14.521774555977338,10.297225497428425,12.289999961853027,,,0.471712941856355,0.5501905833468145,False,False,4
MARA,O:MARA250502C00014000,14.0,call,2025-05-02,0.25,,,0.8924867625585945,0.2969869068176483,-14.474921362259215,0.007384187696848901,2890,4559,11,8-30,55.019058334681446,14.521774555977338,10.297225497428425,12.289999961853027,,,0.471712941856355,0.5501905833468145,False,False,4
MARA,O:MARA250502C00014500,14.5,call,2025-05-02,0.2,,,0.9192852200628917,0.24030535753964494,-13.00263536399052,0.006637217558283149,2106,473,11,8-30,55.019058334681446,14.521774555977338,10.297225497428425,12.289999961853027,,,0.471712941856355,0.5501905833468145,False,False,4
MARA,O:MARA250502C00015000,15.0,call,2025-05-02,0.13,,,0.942191560865986,0.1916818390242777,-11.397990930907156,0.005821090436644511,3406,3748,11,8-30,55.019058334681446,14.521774555977338,10.297225497428425,12.289999961853027,,,0.471712941856355,0.5501905833468145,False,False,4
MARA,O:MARA250502C00015500,15.5,call,2025-05-02,0.1,,,0.9513434171402761,0.15088303668669345,-9.774408461479434,0.004994037974502287,1348,4266,11,8-30,55.019058334681446,14.521774555977338,10.297225497428425,12.289999961853027,,,0.471712941856355,0.5501905833468145,False,False,4
MARA,O:MARA250502C00016000,16.0,call,2025-05-02,0.07,,,1.0180316836880092,0.11732185167507253,-8.21817581879468,0.004200430913448716,7385,463,11,8-30,55.019058334681446,14.521774555977338,10.297225497428425,12.289999961853027,,,0.471712941856355,0.5501905833468145,False,False,4
MARA,O:MARA250502P00010000,10.0,put,2025-05-02,0.14,,,1.1031826841729895,-0.13170280347426577,-8.81369340726895,0.004554186038687157,747,750,11,8-30,55.019058334681446,14.521774555977338,10.297225497428425,12.289999961853027,,,0.471712941856355,0.5501905833468145,False,False,4
MARA,O:MARA250502P00010500,10.5,put,2025-05-02,0.2,,,1.0542675218494162,-0.18972576062270413,-11.184819382577444,0.005784560515337656,684,725,11,8-30,55.019058334681446,14.521774555977338,10.297225497428425,12.289999961853027,,,0.471712941856355,0.5501905833468145,False,False,4
MARA,O:MARA250502P00011000,11.0,put,2025-05-02,0.28,,,1.0301015717732227,-0.2576591441846751,-13.304345185073812,0.006888166371133062,781,398,11,8-30,55.019058334681446,14.521774555977338,10.297225497428425,12.289999961853027,,,0.471712941856355,0.5501905833468145,False,False,4
MARA,O:MARA250502P00011500,11.5,put,2025-05-02,0.45,,,1.0153730575242184,-0.33272462657180424,-14.953087441632004,0.007751959794838096,607,1502,11,8-30,55.019058334681446,14.521774555977338,10.297225497428425,12.289999961853027,,,0.471712941856355,0.5501905833468145,False,False,4
MARA,O:MARA250502P00012000,12.0,put,2025-05-02,0.65,,,0.9984529760706898,-0.4115685138373468,-15.987564152000932,0.00830163620003869,1994,386,11,8-30,55.019058334681446,14.521774555977338,10.297225497428425,12.289999961853027,,,0.471712941856355,0.5501905833468145,False,False,4
MARA,O:MARA250502P00012500,12.5,put,2025-05-02,0.91,,,1.0028252374184816,-0.49076508427964766,-16.354803749786864,0.008509332185849679,1304,836,11,8-30,55.019058334681446,14.521774555977338,10.297225497428425,12.289999961853027,,,0.471712941856355,0.5501905833468145,False,False,4
MARA,O:MARA250502P00013000,13.0,put,2025-05-02,1.13,,,1.012773357010897,-0.5672399218051819,-16.085953070957753,0.008390427491717025,982,194,11,8-30,55.019058334681446,14.521774555977338,10.297225497428425,12.289999961853027,,,0.471712941856355,0.5501905833468145,False,False,4
MARA,O:MARA250502P00013500,13.5,put,2025-05-02,1.53,,,1.0367311727956574,-0.6385507219512342,-15.27561441733317,0.007992992750341084,964,100,11,8-30,55.019058334681446,14.521774555977338,10.297225497428425,12.289999961853027,,,0.471712941856355,0.5501905833468145,False,False,4
MARA,O:MARA250502P00014000,14.0,put,2025-05-02,1.95,,,0.7755858296717386,-0.7030130931823517,-14.055300916681361,0.007384187696848901,465,337,11,8-30,55.019058334681446,14.521774555977338,10.297225497428425,12.289999961853027,,,0.471712941856355,0.5501905833468145,False,False,4
MARA,O:MARA250502P00014500,14.5,put,2025-05-02,2.3,,,1.147429226140625,-0.759694642460355,-12.568028473927743,0.006637217558283149,286,104,11,8-30,55.019058334681446,14.521774555977338,10.297225497428425,12.289999961853027,,,0.471712941856355,0.5501905833468145,False,False,4
MARA,O:MARA250502P00015000,15.0,put,2025-05-02,2.79,,,1.0810948303882937,-0.8083181609757223,-10.948397596359456,0.005821090436644511,592,90,11,8-30,55.019058334681446,14.521774555977338,10.297225497428425,12.289999961853027,,,0.471712941856355,0.5501905833468145,False,False,4
MARA,O:MARA250502P00016000,16.0,put,2025-05-02,3.68,,,1.320322095220895,-0.8826781483249275,-7.738609595277133,0.004200430913448716,232,14,11,8-30,55.019058334681446,14.521774555977338,10.297225497428425,12.289999961853027,,,0.471712941856355,0.5501905833468145,False,False,4
MARA,O:MARA250502P00016500,16.5,put,2025-05-02,3.66,,,1.3580330582727136,-0.9097983505163306,-6.2932916714217155,0.0034704426344937035,118,2,11,8-30,55.019058334681446,14.521774555977338,10.297225497428425,12.289999961853027,,,0.471712941856355,0.5501905833468145,False,False,4
MARA,O:MARA250502P00017000,17.0,put,2025-05-02,4.16,,,1.5084205064953475,-0.931365444964526,-5.007604941944992,0.0028215240891307255,61,103,11,8-30,55.019058334681446,14.521774555977338,10.297225497428425,12.289999961853027,,,0.471712941856355,0.5501905833468145,False,False,4
MARA,O:MARA250502P00017500,17.5,put,2025-05-02,4.99,,,1.7671930430285123,-0.9482708095654688,-3.895200744044753,0.0022608224151565597,124,27,11,8-30,55.019058334681446,14.521774555977338,10.297225497428425,12.289999961853027,,,0.471712941856355,0.5501905833468145,False,False,4
MARA,O:MARA250502P00018000,18.0,put,2025-05-02,5.75,,,1.5186057978094885,-0.9613508117381052,-2.954916904774003,0.001787873118065063,105,11,11,8-30,55.019058334681446,14.521774555977338,10.297225497428425,12.289999961853027,,,0.471712941856355,0.5501905833468145,False,False,4
MARA,O:MARA250502P00018500,18.5,put,2025-05-02,5.95,,,1.6610541413148538,-0.9713529376367864,-2.175708195808967,0.0013971248571349574,891,3,11,8-30,55.019058334681446,14.521774555977338,10.297225497428425,12.289999961853027,,,0.471712941856355,0.5501905833468145,False,False,4
MARA,O:MARA250502P00019000,19.0,put,2025-05-02,6.79,,,1.596841629964995,-0.9789207737426018,-1.5407809190945891,0.001080059044684146,8,1,11,8-30,55.019058334681446,14.521774555977338,10.297225497428425,12.289999961853027,,,0.471712941856355,0.5501905833468145,False,False,4
MARA,O:MARA250502P00020000,20.0,put,2025-05-02,7.3,,,1.8250148617435424,-0.9888056817127779,-0.6259684812864758,0.0006273616917007864,10,3,11,8-30,55.019058334681446,14.521774555977338,10.297225497428425,12.289999961853027,,,0.471712941856355,0.5501905833468145,False,False,4
MARA,O:MARA250509C00008500,8.5,call,2025-05-09,4.64,,,0.9927686888263971,0.9395167486752196,-4.122544135127039,0.003271630770588726,60,4,18,8-30,55.019058334681446,14.521774555977338,10.297225497428425,12.289999961853027,,,0.471712941856355,0.5501905833468145,False,False,4
MARA,O:MARA250509C00010000,10.0,call,2025-05-09,3.09,,,0.7669926066573652,0.8230786107878292,-8.653496854903468,0.007084119712466975,76,4,18,8-30,55.019058334681446,14.521774555977338,10.297225497428425,12.289999961853027,,,0.471712941856355,0.5501905833468145,False,False,4
MARA,O:MARA250509C00010500,10.5,call,2025-05-09,2.59,,,0.7533961956234845,0.7703374226676152,-10.068353378699278,0.008280475261727,74,6,18,8-30,55.019058334681446,14.521774555977338,10.297225497428425,12.289999961853027,,,0.471712941856355,0.5501905833468145,False,False,4
MARA,O:MARA250509C00011000,11.0,call,2025-05-09,1.85,,,0.9896136005987975,0.7127600717568783,-11.270407949422458,0.009300308858727123,424,18,18,8-30,55.019058334681446,14.521774555977338,10.297225497428425,12.289999961853027,,,0.471712941856355,0.5501905833468145,False,False,4
MARA,O:MARA250509C00011500,11.5,call,2025-05-09,1.57,,,0.791347612880578,0.6520678495445543,-12.193104276789631,0.010087173369546763,281,78,18,8-30,55.019058334681446,14.521774555977338,10.297225497428425,12.289999961853027,,,0.471712941856355,0.5501905833468145,False,False,4
MARA,O:MARA250509C00012000,12.0,call,2025-05-09,1.19,,,0.8964521751979772,0.5900262302056698,-12.799739763964023,0.010609671263702292,1471,180,18,8-30,55.019058334681446,14.521774555977338,10.297225497428425,12.289999961853027,,,0.471712941856355,0.5501905833468145,False,False,4
MARA,O:MARA250509C00012500,12.5,call,2025-05-09,0.95,,,0.9069988480396468,0.5282942370831122,-13.082503111575203,0.010860696107197691,973,235,18,8-30,55.019058334681446,14.521774555977338,10.297225497428425,12.289999961853027,,,0.471712941856355,0.5501905833468145,False,False,4
MARA,O:MARA250509C00013000,13.0,call,2025-05-09,0.81,,,0.8987613245737494,0.4683162310675944,-13.05802971047637,0.010853735544863203,1671,553,18,8-30,55.019058334681446,14.521774555977338,10.297225497428425,12.289999961853027,,,0.471712941856355,0.5501905833468145,False,False,4
MARA,O:MARA250509C00013500,13.5,call,2025-05-09,0.61,,,0.9211903769742703,0.4112585055178403,-12.761093039142333,0.010617594231629673,952,289,18,8-30,55.019058334681446,14.521774555977338,10.297225497428425,12.289999961853027,,,0.471712941856355,0.5501905833468145,False,False,4
MARA,O:MARA250509C00014000,14.0,call,2025-05-09,0.48,,,0.9117395955905229,0.35798587165438994,-12.237834204866052,0.01019071599451563,1966,152,18,8-30,55.019058334681446,14.521774555977338,10.297225497428425,12.289999961853027,,,0.471712941856355,0.5501905833468145,False,False,4
MARA,O:MARA250509C00014500,14.5,call,2025-05-09,0.41,,,0.9172434737088855,0.3090695530429688,-11.53953939792454,0.009615956157552967,295,89,18,8-30,55.019058334681446,14.521774555977338,10.297225497428425,12.289999961853027,,,0.471712941856355,0.5501905833468145,False,False,4
MARA,O:MARA250509C00015000,15.0,call,2025-05-09,0.29,,,0.9343120725084163,0.26481655407988725,-10.717555510202217,0.008936302936581545,5935,469,18,8-30,55.019058334681446,14.521774555977338,10.297225497428425,12.289999961853027,,,0.471712941856355,0.5501905833468145,False,False,4
MARA,O:MARA250509C00015500,15.5,call,2025-05-09,0.26,,,0.9937179750677677,0.22531134211665615,-9.819576777769258,0.008191746389672171,286,43,18,8-30,55.019058334681446,14.521774555977338,10.297225497428425,12.289999961853027,,,0.471712941856355,0.5501905833468145,False,False,4
MARA,O:MARA250509C00016000,16.0,call,2025-05-09,0.19,,,0.9635972948704754,0.19046234838241716,-8.887277441225274,0.007417276278461168,1577,72,18,8-30,55.019058334681446,14.521774555977338,10.297225497428425,12.289999961853027,,,0.471712941856355,0.5501905833468145,False,False,4
MARA,O:MARA250509C00016500,16.5,call,2025-05-09,0.16,,,0.9671902086008053,0.1600478017784948,-7.95510905901217,0.006641858225544485,355,68,18,8-30,55.019058334681446,14.521774555977338,10.297225497428425,12.289999961853027,,,0.471712941856355,0.5501905833468145,False,False,4
MARA,O:MARA250509C00017000,17.0,call,2025-05-09,0.12,,,0.9969256239371966,0.1337573381281143,-7.050009104691696,0.005888176467966423,228,120,18,8-30,55.019058334681446,14.521774555977338,10.297225497428425,12.289999961853027,,,0.471712941856355,0.5501905833468145,False,False,4
MARA,O:MARA250509C00017500,17.5,call,2025-05-09,0.1,,,0.9999446264270212,0.1112274475320209,-6.191755845032689,0.0051729212302919995,12,33,18,8-30,55.019058334681446,14.521774555977338,10.297225497428425,12.289999961853027,,,0.471712941856355,0.5501905833468145,False,False,4
MARA,O:MARA250509P00009500,9.5,put,2025-05-09,0.14,,,1.1085306739497787,-0.13051322217381367,-6.833686393736368,0.005789333851562495,82,4,18,8-30,55.019058334681446,14.521774555977338,10.297225497428425,12.289999961853027,,,0.471712941856355,0.5501905833468145,False,False,4
MARA,O:MARA250509P00010000,10.0,put,2025-05-09,0.25,,,1.0601520653536143,-0.17692138921217088,-8.353940362364998,0.007084119712466975,530,61,18,8-30,55.019058334681446,14.521774555977338,10.297225497428425,12.289999961853027,,,0.471712941856355,0.5501905833468145,False,False,4
MARA,O:MARA250509P00010500,10.5,put,2025-05-09,0.35,,,1.0546792776093172,-0.22966257733238482,-9.753819061533886,0.008280475261727,132,102,18,8-30,55.019058334681446,14.521774555977338,10.297225497428425,12.289999961853027,,,0.471712941856355,0.5501905833468145,False,False,4
MARA,O:MARA250509P00011000,11.0,put,2025-05-09,0.48,,,1.0094143514494818,-0.2872399282431217,-10.940895807630142,0.009300308858727123,733,138,18,8-30,55.019058334681446,14.521774555977338,10.297225497428425,12.289999961853027,,,0.471712941856355,0.5501905833468145,False,False,4
MARA,O:MARA250509P00011500,11.5,put,2025-05-09,0.67,,,1.01726714723609,-0.3479321504554457,-11.848614310370392,0.010087173369546763,612,129,18,8-30,55.019058334681446,14.521774555977338,10.297225497428425,12.289999961853027,,,0.471712941856355,0.5501905833468145,False,False,4
MARA,O:MARA250509P00012000,12.0,put,2025-05-09,0.89,,,1.0087188645276468,-0.4099737697943302,-12.44027197291786,0.010609671263702292,840,213,18,8-30,55.019058334681446,14.521774555977338,10.297225497428425,12.289999961853027,,,0.471712941856355,0.5501905833468145,False,False,4
MARA,O:MARA250509P00012500,12.5,put,2025-05-09,1.13,,,1.0076905073963112,-0.4717057629168878,-12.708057495902118,0.010860696107197691,811,82,18,8-30,55.019058334681446,14.521774555977338,10.297225497428425,12.289999961853027,,,0.471712941856355,0.5501905833468145,False,False,4
MARA,O:MARA250509P00013000,13.0,put,2025-05-09,1.42,,,0.8806226481717122,-0.5316837689324055,-12.668606270176362,0.010853735544863203,226,233,18,8-30,55.019058334681446,14.521774555977338,10.297225497428425,12.289999961853027,,,0.471712941856355,0.5501905833468145,False,False,4
MARA,O:MARA250509P00013500,13.5,put,2025-05-09,1.71,,,0.9006185789224506,-0.5887414944821596,-12.356691774215399,0.010617594231629673,132,5,18,8-30,55.019058334681446,14.521774555977338,10.297225497428425,12.289999961853027,,,0.471712941856355,0.5501905833468145,False,False,4
MARA,O:MARA250509P00014000,14.0,put,2025-05-09,1.81,,,1.0808692289872017,-0.64201412834561,-11.818455115312196,0.01019071599451563,165,9,18,8-30,55.019058334681446,14.521774555977338,10.297225497428425,12.289999961853027,,,0.471712941856355,0.5501905833468145,False,False,4
MARA,O:MARA250509P00014500,14.5,put,2025-05-09,2.07,,,1.0199991151907972,-0.6909304469570312,-11.10518248374376,0.009615956157552967,97,2,18,8-30,55.019058334681446,14.521774555977338,10.297225497428425,12.289999961853027,,,0.471712941856355,0.5501905833468145,False,False,4
MARA,O:MARA250509P00015000,15.0,put,2025-05-09,2.86,,,0.8018022166553684,-0.7351834459201128,-10.268220771394512,0.008936302936581545,80,7,18,8-30,55.019058334681446,14.521774555977338,10.297225497428425,12.289999961853027,,,0.471712941856355,0.5501905833468145,False,False,4
MARA,O:MARA250509P00015500,15.5,put,2025-05-09,3.02,,,1.0744396932629319,-0.7746886578833438,-9.355264214334632,0.008191746389672171,175,1,18,8-30,55.019058334681446,14.521774555977338,10.297225497428425,12.289999961853027,,,0.471712941856355,0.5501905833468145,False,False,4
MARA,O:MARA250509P00016000,16.0,put,2025-05-09,3.78,,,1.1371212130254698,-0.8095376516175828,-8.407987053163724,0.007417276278461168,81,18,18,8-30,55.019058334681446,14.521774555977338,10.297225497428425,12.289999961853027,,,0.471712941856355,0.5501905833468145,False,False,4
MARA,O:MARA250509P00016500,16.5,put,2025-05-09,4.2,,,1.1634302138476238,-0.8399521982215052,-7.460840846323696,0.006641858225544485,57,17,18,8-30,55.019058334681446,14.521774555977338,10.297225497428425,12.289999961853027,,,0.471712941856355,0.5501905833468145,False,False,4
MARA,O:MARA250509P00017000,17.0,put,2025-05-09,4.75,,,1.235445684475497,-0.8662426618718857,-6.540763067376298,0.005888176467966423,40,1,18,8-30,55.019058334681446,14.521774555977338,10.297225497428425,12.289999961853027,,,0.471712941856355,0.5501905833468145,False,False,4
MARA,O:MARA250509P00017500,17.5,put,2025-05-09,5.16,,,1.3054060408139296,-0.888772552467979,-5.667531983090368,0.0051729212302919995,26,5,18,8-30,55.019058334681446,14.521774555977338,10.297225497428425,12.289999961853027,,,0.471712941856355,0.5501905833468145,False,False,4
MARA,O:MARA250509P00018000,18.0,put,2025-05-09,5.75,,,1.3734182962753283,-0.9079299497315825,-4.854528327317773,0.004507419794876719,5,10,18,8-30,55.019058334681446,14.521774555977338,10.297225497428425,12.289999961853027,,,0.471712941856355,0.5501905833468145,False,False,4
MARA,O:MARA250509P00018500,18.5,put,2025-05-09,5.95,,,1.439598447878289,-0.92410566513327,-4.10970819919972,0.0038984469726688733,28,3,18,8-30,55.019058334681446,14.521774555977338,10.297225497428425,12.289999961853027,,,0.471712941856355,0.5501905833468145,False,False,4
MARA,O:MARA250509P00019000,19.0,put,2025-05-09,6.5,,,1.3760024826349657,-0.9376774932362334,-3.4366406743167257,0.003349091728061893,15,2,18,8-30,55.019058334681446,14.521774555977338,10.297225497428425,12.289999961853027,,,0.471712941856355,0.5501905833468145,False,False,4
MARA,O:MARA250516C00007000,7.0,call,2025-05-16,5.26,,,1.7521872113716517,0.9768598942567377,-1.7092149701907742,0.0017616285031711704,25,2,25,8-30,55.019058334681446,14.521774555977338,10.297225497428425,12.289999961853027,,,0.471712941856355,0.5501905833468145,False,False,4
MARA,O:MARA250516C00010000,10.0,call,2025-05-16,2.7,,,0.7960882367378239,0.7971817552866072,-7.989394231138286,0.009080642771363018,851,93,25,8-30,55.019058334681446,14.521774555977338,10.297225497428425,12.289999961853027,,,0.471712941856355,0.5501905833468145,False,False,4
MARA,O:MARA250516C00011000,11.0,call,2025-05-16,2.08,,,0.9386691260198254,0.6989190874554114,-9.789444109524451,0.01120150206977455,1349,643,25,8-30,55.019058334681446,14.521774555977338,10.297225497428425,12.289999961853027,,,0.471712941856355,0.5501905833468145,False,False,4
MARA,O:MARA250516C00012000,12.0,call,2025-05-16,1.45,,,0.9559433219822352,0.5940633446788841,-10.856275404184382,0.012473386909285018,3272,206,25,8-30,55.019058334681446,14.521774555977338,10.297225497428425,12.289999961853027,,,0.471712941856355,0.5501905833468145,False,False,4
MARA,O:MARA250516C00013000,13.0,call,2025-05-16,0.94,,,0.9003931379679583,0.4909901938673559,-11.135075138025444,0.01282846652277977,44182,2064,25,8-30,55.019058334681446,14.521774555977338,10.297225497428425,12.289999961853027,,,0.471712941856355,0.5501905833468145,False,False,4
MARA,O:MARA250516C00014000,14.0,call,2025-05-16,0.61,,,0.8963370620558719,0.3959436906652286,-10.736482843134773,0.012392736354332214,4781,732,25,8-30,55.019058334681446,14.521774555977338,10.297225497428425,12.289999961853027,,,0.471712941856355,0.5501905833468145,False,False,4
MARA,O:MARA250516C00015000,15.0,call,2025-05-16,0.4,,,0.9379067480571807,0.31260436987607837,-9.852882917814922,0.011388619509993954,9905,3876,25,8-30,55.019058334681446,14.521774555977338,10.297225497428425,12.289999961853027,,,0.471712941856355,0.5501905833468145,False,False,4
MARA,O:MARA250516C00016000,16.0,call,2025-05-16,0.29,,,0.9405736099292994,0.24240083101153576,-8.688470531868212,0.010053293671639683,8307,419,25,8-30,55.019058334681446,14.521774555977338,10.297225497428425,12.289999961853027,,,0.471712941856355,0.5501905833468145,False,False,4
MARA,O:MARA250516C00017000,17.0,call,2025-05-16,0.19,,,0.962306385461945,0.18513250745775545,-7.417245531917284,0.008589446248719166,4771,412,25,8-30,55.019058334681446,14.521774555977338,10.297225497428425,12.289999961853027,,,0.471712941856355,0.5501905833468145,False,False,4
MARA,O:MARA250516C00018000,18.0,call,2025-05-16,0.14,,,1.0002941233027494,0.13961103954314974,-6.166303800505992,0.007145519854354016,3301,1211,25,8-30,55.019058334681446,14.521774555977338,10.297225497428425,12.289999961853027,,,0.471712941856355,0.5501905833468145,False,False,4
MARA,O:MARA250516C00019000,19.0,call,2025-05-16,0.1,,,1.0149612526510168,0.10417852803914546,-5.015803912825095,0.005815454832585216,5756,30,25,8-30,55.019058334681446,14.521774555977338,10.297225497428425,12.289999961853027,,,0.471712941856355,0.5501905833468145,False,False,4
MARA,O:MARA250516P00009000,9.0,put,2025-05-16,0.14,,,1.070609334342763,-0.12007325266777702,-5.462882182935811,0.006436950113539102,3498,32,25,8-30,55.019058334681446,14.521774555977338,10.297225497428425,12.289999961853027,,,0.471712941856355,0.5501905833468145,False,False,4
MARA,O:MARA250516P00010000,10.0,put,2025-05-16,0.35,,,1.0397391947591914,-0.20281824471339277,-7.690010036600935,0.009080642771363018,5425,362,25,8-30,55.019058334681446,14.521774555977338,10.297225497428425,12.289999961853027,,,0.471712941856355,0.5501905833468145,False,False,4
MARA,O:MARA250516P00011000,11.0,put,2025-05-16,0.61,,,0.9975601017507986,-0.30108091254458863,-9.460121495533365,0.01120150206977455,2554,236,25,8-30,55.019058334681446,14.521774555977338,10.297225497428425,12.289999961853027,,,0.471712941856355,0.5501905833468145,False,False,4
MARA,O:MARA250516P00012000,12.0,put,2025-05-16,1.05,,,0.9825965232636183,-0.4059366553211159,-10.497014370739562,0.012473386909285018,6535,207,25,8-30,55.019058334681446,14.521774555977338,10.297225497428425,12.289999961853027,,,0.471712941856355,0.5501905833468145,False,False,4
MARA,O:MARA250516P00013000,13.0,put,2025-05-16,1.63,,,0.9807021946755765,-0.5090098061326441,-10.745875685126887,0.01282846652277977,6477,79,25,8-30,55.019058334681446,14.521774555977338,10.297225497428425,12.289999961853027,,,0.471712941856355,0.5501905833468145,False,False,4
MARA,O:MARA250516P00014000,14.0,put,2025-05-16,2.25,,,0.9133401567011555,-0.6040563093347714,-10.317344970782482,0.012392736354332214,3745,282,25,8-30,55.019058334681446,14.521774555977338,10.297225497428425,12.289999961853027,,,0.471712941856355,0.5501905833468145,False,False,4
MARA,O:MARA250516P00015000,15.0,put,2025-05-16,3.02,,,0.9952737251409299,-0.6873956301239217,-9.403806626008896,0.011388619509993954,1209,67,25,8-30,55.019058334681446,14.521774555977338,10.297225497428425,12.289999961853027,,,0.471712941856355,0.5501905833468145,False,False,4
MARA,O:MARA250516P00016000,16.0,put,2025-05-16,3.87,,,1.049805144436872,-0.7575991689884642,-8.20945582060845,0.010053293671639683,847,18,25,8-30,55.019058334681446,14.521774555977338,10.297225497428425,12.289999961853027,,,0.471712941856355,0.5501905833468145,False,False,4
MARA,O:MARA250516P00017000,17.0,put,2025-05-16,4.75,,,0.9457347527832531,-0.8148674925422446,-6.908292401203787,0.008589446248719166,395,14,25,8-30,55.019058334681446,14.521774555977338,10.297225497428425,12.289999961853027,,,0.471712941856355,0.5501905833468145,False,False,4
MARA,O:MARA250516P00018000,18.0,put,2025-05-16,5.72,,,1.2502363219829074,-0.8603889604568502,-5.62741225033876,0.007145519854354016,663,20,25,8-30,55.019058334681446,14.521774555977338,10.297225497428425,12.289999961853027,,,0.471712941856355,0.5501905833468145,False,False,4
MARA,O:MARA250516P00019000,19.0,put,2025-05-16,6.64,,,1.215234531693949,-0.8958214719608546,-4.446973943204128,0.005815454832585216,342,58,25,8-30,55.019058334681446,14.521774555977338,10.297225497428425,12.289999961853027,,,0.471712941856355,0.5501905833468145,False,False,4
MARA,O:MARA250516P00020000,20.0,put,2025-05-16,7.6,,,1.3220137859177346,-0.9229347343707808,-3.4084752469400477,0.004648189221339598,350,82,25,8-30,55.019058334681446,14.521774555977338,10.297225497428425,12.289999961853027,,,0.471712941856355,0.5501905833468145,False,False,4
MARA,O:MARA250516P00021000,21.0,put,2025-05-16,8.62,,,1.4235075372514934,-0.9433962113587843,-2.52549980018442,0.0036600989089608416,73,2,25,8-30,55.019058334681446,14.521774555977338,10.297225497428425,12.289999961853027,,,0.471712941856355,0.5501905833468145,False,False,4
MARA,O:MARA250516P00023000,23.0,put,2025-05-16,10.25,,,1.5506517085455718,-0.9699539484431896,-1.1987087620934147,0.002191313907650835,36,1,25,8-30,55.019058334681446,14.521774555977338,10.297225497428425,12.289999961853027,,,0.471712941856355,0.5501905833468145,False,False,4
MARA,O:MARA250516P00024000,24.0,put,2025-05-16,11.4,,,1.6246024565528072,-0.9782397120185644,-0.721683188094215,0.001672616074493114,30,1,25,8-30,55.019058334681446,14.521774555977338,10.297225497428425,12.289999961853027,,,0.471712941856355,0.5501905833468145,False,False,4
MARA,O:MARA250523C00010000,10.0,call,2025-05-23,2.99,,,0.9887969746710699,0.7807411091486087,-7.397074460162003,0.010753946448443026,21,1,32,31-60,55.019058334681446,14.521774555977338,10.297225497428425,12.289999961853027,,,0.471712941856355,0.5501905833468145,False,False,4
MARA,O:MARA250523C00010500,10.5,call,2025-05-23,2.47,,,0.9650803950010554,0.7370563299726612,-8.138905313339,0.011872036130313625,231,5,32,31-60,55.019058334681446,14.521774555977338,10.297225497428425,12.289999961853027,,,0.471712941856355,0.5501905833468145,False,False,4
MARA,O:MARA250523C00011000,11.0,call,2025-05-23,2.44,,,0.9305561152804721,0.6916128296064586,-8.757984918114436,0.01280887242599425,225,5,32,31-60,55.019058334681446,14.521774555977338,10.297225497428425,12.289999961853027,,,0.471712941856355,0.5501905833468145,False,False,4
MARA,O:MARA250523C00011500,11.5,call,2025-05-23,1.81,,,0.9619487893071601,0.6452432493180448,-9.241181473466812,0.013544357929777918,689,580,32,31-60,55.019058334681446,14.521774555977338,10.297225497428425,12.289999961853027,,,0.471712941856355,0.5501905833468145,False,False,4
MARA,O:MARA250523C00012000,12.0,call,2025-05-23,1.75,,,0.9615357746093299,0.5987206079954933,-9.58356920155605,0.014070670434613021,122,103,32,31-60,55.019058334681446,14.521774555977338,10.297225497428425,12.289999961853027,,,0.471712941856355,0.5501905833468145,False,False,4
MARA,O:MARA250523C00012500,12.5,call,2025-05-23,1.37,,,0.8387250862819758,0.552731143627122,-9.787204893358474,0.014390453931526557,72,69,32,31-60,55.019058334681446,14.521774555977338,10.297225497428425,12.289999961853027,,,0.471712941856355,0.5501905833468145,False,False,4
MARA,O:MARA250523C00013000,13.0,call,2025-05-23,1.14,,,0.890911268196127,0.5078587624023713,-9.859660565479611,0.014514638683640035,357,38,32,31-60,55.019058334681446,14.521774555977338,10.297225497428425,12.289999961853027,,,0.471712941856355,0.5501905833468145,False,False,4
MARA,O:MARA250523C00013500,13.5,call,2025-05-23,1.0,,,0.9043840163546933,0.4645790948751449,-9.812516393670263,0.014460196308440833,137,333,32,31-60,55.019058334681446,14.521774555977338,10.297225497428425,12.289999961853027,,,0.471712941856355,0.5501905833468145,False,False,4
MARA,O:MARA250523C00014000,14.0,call,2025-05-23,0.79,,,0.9793149988168204,0.423260925638471,-9.659953993806793,0.014248040258901742,468,330,32,31-60,55.019058334681446,14.521774555977338,10.297225497428425,12.289999961853027,,,0.471712941856355,0.5501905833468145,False,False,4
MARA,O:MARA250523C00014500,14.5,call,2025-05-23,0.64,,,0.8395508356598635,0.38417284777404176,-9.417533607215326,0.013901197681229752,176,12,32,31-60,55.019058334681446,14.521774555977338,10.297225497428425,12.289999961853027,,,0.471712941856355,0.5501905833468145,False,False,4
MARA,O:MARA250523C00015000,15.0,call,2025-05-23,0.52,,,0.8913976548305641,0.3474932590298981,-9.10119402941362,0.013443311718498883,312,131,32,31-60,55.019058334681446,14.521774555977338,10.297225497428425,12.289999961853027,,,0.471712941856355,0.5501905833468145,False,False,4
MARA,O:MARA250523C00015500,15.5,call,2025-05-23,0.6,,,0.9244481774525763,0.31332216214975006,-8.726481869434119,0.012897484984497463,151,2,32,31-60,55.019058334681446,14.521774555977338,10.297225497428425,12.289999961853027,,,0.471712941856355,0.5501905833468145,False,False,4
MARA,O:MARA250523C00016000,16.0,call,2025-05-23,0.41,,,0.9151925425034896,0.2816935895110922,-8.307995644634206,0.012285443254928502,173,139,32,31-60,55.019058334681446,14.521774555977338,10.297225497428425,12.289999961853027,,,0.471712941856355,0.5501905833468145,False,False,4
MARA,O:MARA250523C00016500,16.5,call,2025-05-23,0.39,,,0.9374211294675105,0.25258780195711567,-7.859018151842357,0.011626980224983749,61,17,32,31-60,55.019058334681446,14.521774555977338,10.297225497428425,12.289999961853027,,,0.471712941856355,0.5501905833468145,False,False,4
MARA,O:MARA250523C00017000,17.0,call,2025-05-23,0.28,,,0.9468814386882578,0.22594269317630572,-7.39130519673294,0.010939636021626894,103,213,32,31-60,55.019058334681446,14.521774555977338,10.297225497428425,12.289999961853027,,,0.471712941856355,0.5501905833468145,False,False,4
MARA,O:MARA250523C00017500,17.5,call,2025-05-23,0.23,,,0.9529670604110568,0.2016640574263226,-6.914998012284584,0.010238560908594953,57,5160,32,31-60,55.019058334681446,14.521774555977338,10.297225497428425,12.289999961853027,,,0.471712941856355,0.5501905833468145,False,False,4
MARA,O:MARA250523C00018000,18.0,call,2025-05-23,0.22,,,0.9588685431321552,0.17963455132839706,-6.438628836877471,0.009536518717664153,141,89,32,31-60,55.019058334681446,14.521774555977338,10.297225497428425,12.289999961853027,,,0.471712941856355,0.5501905833468145,False,False,4
MARA,O:MARA250523C00019000,19.0,call,2025-05-23,0.16,,,0.9887552492876298,0.14178223051926203,-5.51226405558455,0.008169341657889137,42,15,32,31-60,55.019058334681446,14.521774555977338,10.297225497428425,12.289999961853027,,,0.471712941856355,0.5501905833468145,False,False,4
MARA,O:MARA250523C00020000,20.0,call,2025-05-23,0.15,,,1.0477861291873842,0.11124159091130853,-4.651981505277594,0.006897856205703582,60,31,32,31-60,55.019058334681446,14.521774555977338,10.297225497428425,12.289999961853027,,,0.471712941856355,0.5501905833468145,False,False,4
MARA,O:MARA250523P00008500,8.5,put,2025-05-23,0.24,,,0.961149929304293,-0.10704915741592513,-4.444096284298726,0.006710035241296513,16,3,32,31-60,55.019058334681446,14.521774555977338,10.297225497428425,12.289999961853027,,,0.471712941856355,0.5501905833468145,False,False,4
MARA,O:MARA250523P00009000,9.0,put,2025-05-23,0.24,,,1.0625391475119688,-0.14054106479740552,-5.372887331775942,0.00812078311534894,71,5,32,31-60,55.019058334681446,14.521774555977338,10.297225497428425,12.289999961853027,,,0.471712941856355,0.5501905833468145,False,False,4
MARA,O:MARA250523P00009500,9.5,put,2025-05-23,0.32,,,1.01975606192871,-0.17818504621169562,-6.270292225225368,0.009488016054204889,148,53,32,31-60,55.019058334681446,14.521774555977338,10.297225497428425,12.289999961853027,,,0.471712941856355,0.5501905833468145,False,False,4
MARA,O:MARA250523P00010000,10.0,put,2025-05-23,0.43,,,1.0206520162357928,-0.21925889085139133,-7.097862464523925,0.010753946448443026,133,29,32,31-60,55.019058334681446,14.521774555977338,10.297225497428425,12.289999961853027,,,0.471712941856355,0.5501905833468145,False,False,4
MARA,O:MARA250523P00010500,10.5,put,2025-05-23,0.48,,,0.994100285732475,-0.26294367002733876,-7.824732717919019,0.011872036130313625,175,38,32,31-60,55.019058334681446,14.521774555977338,10.297225497428425,12.289999961853027,,,0.471712941856355,0.5501905833468145,False,False,4
MARA,O:MARA250523P00011000,11.0,put,2025-05-23,0.74,,,0.99008152127611,-0.30838717039354135,-8.428851722912551,0.01280887242599425,224,53,32,31-60,55.019058334681446,14.521774555977338,10.297225497428425,12.289999961853027,,,0.471712941856355,0.5501905833468145,False,False,4
MARA,O:MARA250523P00011500,11.5,put,2025-05-23,0.96,,,0.9880085162867536,-0.3547567506819552,-8.897087678483022,0.013544357929777918,125,12,32,31-60,55.019058334681446,14.521774555977338,10.297225497428425,12.289999961853027,,,0.471712941856355,0.5501905833468145,False,False,4
MARA,O:MARA250523P00012000,12.0,put,2025-05-23,1.14,,,0.977496916937905,-0.4012793920045067,-9.224514806790358,0.014070670434613021,158,78,32,31-60,55.019058334681446,14.521774555977338,10.297225497428425,12.289999961853027,,,0.471712941856355,0.5501905833468145,False,False,4
MARA,O:MARA250523P00012500,12.5,put,2025-05-23,1.41,,,0.9828910354130047,-0.44726885637287805,-9.413189898810877,0.014390453931526557,264,29,32,31-60,55.019058334681446,14.521774555977338,10.297225497428425,12.289999961853027,,,0.471712941856355,0.5501905833468145,False,False,4
MARA,O:MARA250523P00013000,13.0,put,2025-05-23,1.7,,,0.941356800479276,-0.49214123759762873,-9.47068497115011,0.014514638683640035,61,19,32,31-60,55.019058334681446,14.521774555977338,10.297225497428425,12.289999961853027,,,0.471712941856355,0.5501905833468145,False,False,4
MARA,O:MARA250523P00013500,13.5,put,2025-05-23,1.91,,,0.9245733596970793,-0.5354209051248551,-9.408580199558857,0.014460196308440833,242,3,32,31-60,55.019058334681446,14.521774555977338,10.297225497428425,12.289999961853027,,,0.471712941856355,0.5501905833468145,False,False,4
MARA,O:MARA250523P00014000,14.0,put,2025-05-23,2.11,,,0.9271318243885986,-0.5767390743615289,-9.241057199913483,0.014248040258901742,60,11,32,31-60,55.019058334681446,14.521774555977338,10.297225497428425,12.289999961853027,,,0.471712941856355,0.5501905833468145,False,False,4
MARA,O:MARA250523P00014500,14.5,put,2025-05-23,2.56,,,0.9536806857955515,-0.6158271522259583,-8.983676213540113,0.013901197681229752,118,4,32,31-60,55.019058334681446,14.521774555977338,10.297225497428425,12.289999961853027,,,0.471712941856355,0.5501905833468145,False,False,4
MARA,O:MARA250523P00015000,15.0,put,2025-05-23,2.83,,,0.7552962025789139,-0.652506740970102,-8.652376035956502,0.013443311718498883,27,22,32,31-60,55.019058334681446,14.521774555977338,10.297225497428425,12.289999961853027,,,0.471712941856355,0.5501905833468145,False,False,4
MARA,O:MARA250523P00015500,15.5,put,2025-05-23,3.28,,,0.6736166961950074,-0.6866778378502499,-8.262703276195099,0.012897484984497463,15,21,32,31-60,55.019058334681446,14.521774555977338,10.297225497428425,12.289999961853027,,,0.471712941856355,0.5501905833468145,False,False,4
MARA,O:MARA250523P00016000,16.0,put,2025-05-23,3.6,,,1.025913351124159,-0.7183064104889079,-7.82925645161328,0.012285443254928502,28,13,32,31-60,55.019058334681446,14.521774555977338,10.297225497428425,12.289999961853027,,,0.471712941856355,0.5501905833468145,False,False,4
MARA,O:MARA250523P00016500,16.5,put,2025-05-23,4.37,,,1.02451707764472,-0.7474121980428843,-7.365318359039528,0.011626980224983749,40,14,32,31-60,55.019058334681446,14.521774555977338,10.297225497428425,12.289999961853027,,,0.471712941856355,0.5501905833468145,False,False,4
MARA,O:MARA250523P00017000,17.0,put,2025-05-23,4.7,,,1.0449129066831635,-0.7740573068236942,-6.882644804148208,0.010939636021626894,83,20,32,31-60,55.019058334681446,14.521774555977338,10.297225497428425,12.289999961853027,,,0.471712941856355,0.5501905833468145,False,False,4
MARA,O:MARA250523P00017500,17.5,put,2025-05-23,5.43,,,0.9657669020230487,-0.7983359425736773,-6.391377019917948,0.010238560908594953,10,2,32,31-60,55.019058334681446,14.521774555977338,10.297225497428425,12.289999961853027,,,0.471712941856355,0.5501905833468145,False,False,4
MARA,O:MARA250523P00018000,18.0,put,2025-05-23,5.9,,,0.7807726375444861,-0.820365448671603,-5.90004724472893,0.009536518717664153,32,2,32,31-60,55.019058334681446,14.521774555977338,10.297225497428425,12.289999961853027,,,0.471712941856355,0.5501905833468145,False,False,4
MARA,O:MARA250530C00009000,9.0,call,2025-05-30,4.13,,,1.199971493678913,0.8443040831959893,-5.470800251991599,0.00960115159321392,14,1,39,31-60,55.019058334681446,14.521774555977338,10.297225497428425,12.289999961853027,,,0.471712941856355,0.5501905833468145,False,False,4
MARA,O:MARA250530C00009500,9.5,call,2025-05-30,3.05,,,0.9878269485960116,0.8082242269256279,-6.216627091653122,0.010964039783743836,5,9,39,31-60,55.019058334681446,14.521774555977338,10.297225497428425,12.289999961853027,,,0.471712941856355,0.5501905833468145,False,False,4
MARA,O:MARA250530C00010000,10.0,call,2025-05-30,2.96,,,0.94667347576274,0.7696416058890312,-6.89613986607441,0.01220918178799487,14,2,39,31-60,55.019058334681446,14.521774555977338,10.297225497428425,12.289999961853027,,,0.471712941856355,0.5501905833468145,False,False,4
MARA,O:MARA250530C00010500,10.5,call,2025-05-30,2.5,,,0.8850659858137745,0.7292306438051057,-7.4906120860097,0.013302033790861185,6,2,39,31-60,55.019058334681446,14.521774555977338,10.297225497428425,12.289999961853027,,,0.471712941856355,0.5501905833468145,False,False,4
MARA,O:MARA250530C00011500,11.5,call,2025-05-30,2.25,,,0.8972135193641014,0.6455580760580675,-8.379856667793328,0.014947849575602959,36,5,39,31-60,55.019058334681446,14.521774555977338,10.297225497428425,12.289999961853027,,,0.471712941856355,0.5501905833468145,False,False,4
MARA,O:MARA250530C00012000,12.0,call,2025-05-30,1.6,,,0.8835804466611311,0.6035000903722221,-8.666105339654539,0.015484402625579907,214,11,39,31-60,55.019058334681446,14.521774555977338,10.297225497428425,12.289999961853027,,,0.471712941856355,0.5501905833468145,False,False,4
MARA,O:MARA250530C00012500,12.5,call,2025-05-30,1.49,,,0.891715021933109,0.5619867326725017,-8.848678367147336,0.015832983743045752,87,25,39,31-60,55.019058334681446,14.521774555977338,10.297225497428425,12.289999961853027,,,0.471712941856355,0.5501905833468145,False,False,4
MARA,O:MARA250530C00013000,13.0,call,2025-05-30,1.28,,,0.877997160622193,0.5214420922275347,-8.933310159588991,0.01600368238605533,152,64,39,31-60,55.019058334681446,14.521774555977338,10.297225497428425,12.289999961853027,,,0.471712941856355,0.5501905833468145,False,False,4
MARA,O:MARA250530C00013500,13.5,call,2025-05-30,1.06,,,0.8889834194835424,0.48221193327031664,-8.928078577203557,0.016010902864058915,105,104,39,31-60,55.019058334681446,14.521774555977338,10.297225497428425,12.289999961853027,,,0.471712941856355,0.5501905833468145,False,False,4
MARA,O:MARA250530C00014000,14.0,call,2025-05-30,0.9,,,0.8912188010437606,0.44456669935238025,-8.842583725055734,0.01587186948745101,233,373,39,31-60,55.019058334681446,14.521774555977338,10.297225497428425,12.289999961853027,,,0.471712941856355,0.5501905833468145,False,False,4
MARA,O:MARA250530C00014500,14.5,call,2025-05-30,0.8,,,0.8839273310041261,0.40870715732230267,-8.687247021429412,0.015605348489247911,137,36,39,31-60,55.019058334681446,14.521774555977338,10.297225497428425,12.289999961853027,,,0.471712941856355,0.5501905833468145,False,False,4
MARA,O:MARA250530C00015000,15.0,call,2025-05-30,0.7,,,0.8931703543032153,0.37477163901417376,-8.47274119677476,0.015230606851396827,327,61,39,31-60,55.019058334681446,14.521774555977338,10.297225497428425,12.289999961853027,,,0.471712941856355,0.5501905833468145,False,False,4
MARA,O:MARA250530C00015500,15.5,call,2025-05-30,0.55,,,0.8643764952881212,0.342844062951178,-8.20954850173773,0.014766603674073906,91,21,39,31-60,55.019058334681446,14.521774555977338,10.297225497428425,12.289999961853027,,,0.471712941856355,0.5501905833468145,False,False,4
MARA,O:MARA250530C00016000,16.0,call,2025-05-30,0.5,,,0.9132047301441062,0.3129621261769686,-7.907636131977294,0.01423139453378707,146,187,39,31-60,55.019058334681446,14.521774555977338,10.297225497428425,12.289999961853027,,,0.471712941856355,0.5501905833468145,False,False,4
MARA,O:MARA250530C00016500,16.5,call,2025-05-30,0.45,,,0.9119639182555562,0.28512523591501104,-7.576233481374124,0.013641721152150253,185,27,39,31-60,55.019058334681446,14.521774555977338,10.297225497428425,12.289999961853027,,,0.471712941856355,0.5501905833468145,False,False,4
MARA,O:MARA250530C00017000,17.0,call,2025-05-30,0.36,,,0.9266633952642926,0.2593018980150132,-7.223694195585043,0.013012755610413918,121,25,39,31-60,55.019058334681446,14.521774555977338,10.297225497428425,12.289999961853027,,,0.471712941856355,0.5501905833468145,False,False,4
MARA,O:MARA250530C00017500,17.5,call,2025-05-30,0.34,,,0.9434501099462385,0.23543639467058353,-6.857426189080737,0.012357968610904862,8,34,39,31-60,55.019058334681446,14.521774555977338,10.297225497428425,12.289999961853027,,,0.471712941856355,0.5501905833468145,False,False,4
MARA,O:MARA250530C00018000,18.0,call,2025-05-30,0.27,,,0.9419927291370641,0.21345467084634817,-6.4838740941499475,0.01168909359944603,432,47,39,31-60,55.019058334681446,14.521774555977338,10.297225497428425,12.289999961853027,,,0.471712941856355,0.5501905833468145,False,False,4
MARA,O:MARA250530C00019000,19.0,call,2025-05-30,0.2,,,0.9560654387671975,0.1747843349702622,-5.7360345047150485,0.010347588364798424,180,83,39,31-60,55.019058334681446,14.521774555977338,10.297225497428425,12.289999961853027,,,0.471712941856355,0.5501905833468145,False,False,4
MARA,O:MARA250530C00020000,20.0,call,2025-05-30,0.17,,,0.9756780776158912,0.14250547665486063,-5.013882871325976,0.009049819485816667,388,1694,39,31-60,55.019058334681446,14.521774555977338,10.297225497428425,12.289999961853027,,,0.471712941856355,0.5501905833468145,False,False,4
MARA,O:MARA250530C00021000,21.0,call,2025-05-30,0.12,,,1.0238063924190255,0.11578788805294354,-4.339161393573085,0.00783566959798144,29,32,39,31-60,55.019058334681446,14.521774555977338,10.297225497428425,12.289999961853027,,,0.471712941856355,0.5501905833468145,False,False,4
MARA,O:MARA250530P00008500,8.5,put,2025-05-30,0.19,,,1.0682001345933796,-0.12276031022096434,-4.429139694511266,0.008165825175143266,15,20,39,31-60,55.019058334681446,14.521774555977338,10.297225497428425,12.289999961853027,,,0.471712941856355,0.5501905833468145,False,False,4
MARA,O:MARA250530P00009000,9.0,put,2025-05-30,0.32,,,1.0312049067598867,-0.15569591680401074,-5.201664345786314,0.00960115159321392,21,1170,39,31-60,55.019058334681446,14.521774555977338,10.297225497428425,12.289999961853027,,,0.471712941856355,0.5501905833468145,False,False,4
MARA,O:MARA250530P00009500,9.5,put,2025-05-30,0.4,,,1.0072816890198986,-0.19177577307437216,-5.932539190658655,0.010964039783743836,37,32,39,31-60,55.019058334681446,14.521774555977338,10.297225497428425,12.289999961853027,,,0.471712941856355,0.5501905833468145,False,False,4
MARA,O:MARA250530P00010000,10.0,put,2025-05-30,0.52,,,0.9828077480884199,-0.2303583941109688,-6.597099970290762,0.01220918178799487,111,90,39,31-60,55.019058334681446,14.521774555977338,10.297225497428425,12.289999961853027,,,0.471712941856355,0.5501905833468145,False,False,4
MARA,O:MARA250530P00010500,10.5,put,2025-05-30,0.65,,,0.9616243130727384,-0.27076935619489434,-7.176620195436868,0.013302033790861185,14,13,39,31-60,55.019058334681446,14.521774555977338,10.297225497428425,12.289999961853027,,,0.471712941856355,0.5501905833468145,False,False,4
MARA,O:MARA250530P00011000,11.0,put,2025-05-30,0.86,,,0.9760476734200912,-0.3123408301852456,-7.658508685907623,0.014219205583936781,34,17,39,31-60,55.019058334681446,14.521774555977338,10.297225497428425,12.289999961853027,,,0.471712941856355,0.5501905833468145,False,False,4
MARA,O:MARA250530P00011500,11.5,put,2025-05-30,1.05,,,0.95971183298619,-0.3544419239419325,-8.035960787642132,0.014947849575602959,65,5,39,31-60,55.019058334681446,14.521774555977338,10.297225497428425,12.289999961853027,,,0.471712941856355,0.5501905833468145,False,False,4
MARA,O:MARA250530P00012000,12.0,put,2025-05-30,1.25,,,0.9523239838763212,-0.39649990962777787,-8.30725746471416,0.015484402625579907,62,38,39,31-60,55.019058334681446,14.521774555977338,10.297225497428425,12.289999961853027,,,0.471712941856355,0.5501905833468145,False,False,4
MARA,O:MARA250530P00012500,12.5,put,2025-05-30,1.56,,,0.965440565515726,-0.4380132673274984,-8.474878497417775,0.015832983743045752,152,37,39,31-60,55.019058334681446,14.521774555977338,10.297225497428425,12.289999961853027,,,0.471712941856355,0.5501905833468145,False,False,4
MARA,O:MARA250530P00013000,13.0,put,2025-05-30,1.52,,,0.9512859803330951,-0.47855790777246526,-8.544558295070248,0.01600368238605533,36,11,39,31-60,55.019058334681446,14.521774555977338,10.297225497428425,12.289999961853027,,,0.471712941856355,0.5501905833468145,False,False,4
MARA,O:MARA250530P00013500,13.5,put,2025-05-30,1.89,,,0.9556727403642457,-0.5177880667296834,-8.524374717895629,0.016010902864058915,5,8,39,31-60,55.019058334681446,14.521774555977338,10.297225497428425,12.289999961853027,,,0.471712941856355,0.5501905833468145,False,False,4
MARA,O:MARA250530P00014000,14.0,put,2025-05-30,2.27,,,0.945244562508321,-0.5554333006476198,-8.423927870958625,0.01587186948745101,21,1,39,31-60,55.019058334681446,14.521774555977338,10.297225497428425,12.289999961853027,,,0.471712941856355,0.5501905833468145,False,False,4
MARA,O:MARA250530P00016000,16.0,put,2025-05-30,4.02,,,1.0180957821687353,-0.6870378738230314,-7.429172298723455,0.01423139453378707,60,9,39,31-60,55.019058334681446,14.521774555977338,10.297225497428425,12.289999961853027,,,0.471712941856355,0.5501905833468145,False,False,4
MARA,O:MARA250530P00016500,16.5,put,2025-05-30,4.45,,,0.7548795881022115,-0.714874764084989,-7.0828176533311025,0.013641721152150253,10,1,39,31-60,55.019058334681446,14.521774555977338,10.297225497428425,12.289999961853027,,,0.471712941856355,0.5501905833468145,False,False,4
MARA,O:MARA250530P00017000,17.0,put,2025-05-30,4.7,,,1.0135814130125511,-0.7406981019849868,-6.715326372752839,0.013012755610413918,22,1,39,31-60,55.019058334681446,14.521774555977338,10.297225497428425,12.289999961853027,,,0.471712941856355,0.5501905833468145,False,False,4
MARA,O:MARA250530P00017500,17.5,put,2025-05-30,5.33,,,0.9695244091028891,-0.7645636053294165,-6.334106371459351,0.012357968610904862,48,1,39,31-60,55.019058334681446,14.521774555977338,10.297225497428425,12.289999961853027,,,0.471712941856355,0.5501905833468145,False,False,4
MARA,O:MARA250530P00018000,18.0,put,2025-05-30,5.63,,,1.0459802487183425,-0.7865453291536518,-5.945602281739379,0.01168909359944603,86,71,39,31-60,55.019058334681446,14.521774555977338,10.297225497428425,12.289999961853027,,,0.471712941856355,0.5501905833468145,False,False,4
MARA,O:MARA250530P00021000,21.0,put,2025-05-30,8.1,,,1.2432566867172863,-0.8842121119470565,-3.7111776124274214,0.00783566959798144,22,5,39,31-60,55.019058334681446,14.521774555977338,10.297225497428425,12.289999961853027,,,0.471712941856355,0.5501905833468145,False,False,4
MARA,O:MARA250620C00007000,7.0,call,2025-06-20,5.56,,,0.8381023153691008,0.9238131315066319,-2.7217715694121525,0.007138434735699924,91,192,60,31-60,55.019058334681446,14.521774555977338,10.297225497428425,12.289999961853027,,,0.471712941856355,0.5501905833468145,False,False,4
MARA,O:MARA250620C00008000,8.0,call,2025-06-20,4.85,,,0.9113488522166139,0.8750461470729365,-3.8398752023486233,0.010254804207494281,524,174,60,31-60,55.019058334681446,14.521774555977338,10.297225497428425,12.289999961853027,,,0.471712941856355,0.5501905833468145,False,False,4
MARA,O:MARA250620C00009000,9.0,call,2025-06-20,4.3,,,0.9059706537145422,0.8167492876512149,-4.898868258456842,0.01322236810020617,421,8,60,31-60,55.019058334681446,14.521774555977338,10.297225497428425,12.289999961853027,,,0.471712941856355,0.5501905833468145,False,False,4
MARA,O:MARA250620C00010000,10.0,call,2025-06-20,3.25,,,0.8766168955067877,0.7522620229382653,-5.7988694919891355,0.015758022555172935,4159,146,60,31-60,55.019058334681446,14.521774555977338,10.297225497428425,12.289999961853027,,,0.471712941856355,0.5501905833468145,False,False,4
MARA,O:MARA250620C00011000,11.0,call,2025-06-20,2.54,,,0.903320623630589,0.6848574798711096,-6.485028773249896,0.017704500520082204,2717,777,60,31-60,55.019058334681446,14.521774555977338,10.297225497428425,12.289999961853027,,,0.471712941856355,0.5501905833468145,False,False,4
MARA,O:MARA250620C00012000,12.0,call,2025-06-20,2.0,,,0.9181099392926232,0.6173264430301575,-6.941071236918891,0.019012847755511732,4610,705,60,31-60,55.019058334681446,14.521774555977338,10.297225497428425,12.289999961853027,,,0.471712941856355,0.5501905833468145,False,False,4
MARA,O:MARA250620C00013000,13.0,call,2025-06-20,1.59,,,0.8930404006998358,0.5518166376705436,-7.177955408619415,0.019710928703771044,7731,389,60,31-60,55.019058334681446,14.521774555977338,10.297225497428425,12.289999961853027,,,0.471712941856355,0.5501905833468145,False,False,4
MARA,O:MARA250620C00014000,14.0,call,2025-06-20,1.27,,,0.8990870709682082,0.48983224993764496,-7.222763229845555,0.019872387920534272,7587,341,60,31-60,55.019058334681446,14.521774555977338,10.297225497428425,12.289999961853027,,,0.471712941856355,0.5501905833468145,False,False,4
MARA,O:MARA250620C00015000,15.0,call,2025-06-20,0.98,,,0.8966023143200327,0.43231561780215494,-7.109929816085753,0.019592053692743173,13711,1155,60,31-60,55.019058334681446,14.521774555977338,10.297225497428425,12.289999961853027,,,0.471712941856355,0.5501905833468145,False,False,4
MARA,O:MARA250620C00016000,16.0,call,2025-06-20,0.78,,,0.9130149506420951,0.3797592908856052,-6.8752086265152235,0.018968951079648324,6383,2601,60,31-60,55.019058334681446,14.521774555977338,10.297225497428425,12.289999961853027,,,0.471712941856355,0.5501905833468145,False,False,4
MARA,O:MARA250620C00017000,17.0,call,2025-06-20,0.62,,,0.9197407049868563,0.33231888730909476,-6.552001963906836,0.018095924155082672,4964,271,60,31-60,55.019058334681446,14.521774555977338,10.297225497428425,12.289999961853027,,,0.471712941856355,0.5501905833468145,False,False,4
MARA,O:MARA250620C00018000,18.0,call,2025-06-20,0.5,,,0.9378554413509207,0.2899124469021349,-6.169458515619042,0.017054211388837514,9102,386,60,31-60,55.019058334681446,14.521774555977338,10.297225497428425,12.289999961853027,,,0.471712941856355,0.5501905833468145,False,False,4
MARA,O:MARA250620C00019000,19.0,call,2025-06-20,0.43,,,0.9640427914509315,0.25230120646908577,-5.751764041102903,0.0159113757274977,6200,327,60,31-60,55.019058334681446,14.521774555977338,10.297225497428425,12.289999961853027,,,0.471712941856355,0.5501905833468145,False,False,4
MARA,O:MARA250620C00020000,20.0,call,2025-06-20,0.35,,,0.9729741757850273,0.21915169363995102,-5.318166944885057,0.014721308595940586,27483,1220,60,31-60,55.019058334681446,14.521774555977338,10.297225497428425,12.289999961853027,,,0.471712941856355,0.5501905833468145,False,False,4
MARA,O:MARA250620C00021000,21.0,call,2025-06-20,0.32,,,0.9614047028615293,0.19008134344079564,-4.883409036645068,0.013525383882823325,4552,65,60,31-60,55.019058334681446,14.521774555977338,10.297225497428425,12.289999961853027,,,0.471712941856355,0.5501905833468145,False,False,4
MARA,O:MARA250620C00022000,22.0,call,2025-06-20,0.26,,,1.0053282896456721,0.16469062848220278,-4.458341823011817,0.012354144740449758,5377,221,60,31-60,55.019058334681446,14.521774555977338,10.297225497428425,12.289999961853027,,,0.471712941856355,0.5501905833468145,False,False,4
MARA,O:MARA250620C00023000,23.0,call,2025-06-20,0.21,,,1.0514111478104275,0.1425846920186245,-4.050592001887858,0.01122913897053524,2458,21,60,31-60,55.019058334681446,14.521774555977338,10.297225497428425,12.289999961853027,,,0.471712941856355,0.5501905833468145,False,False,4
MARA,O:MARA250620C00024000,24.0,call,2025-06-20,0.2,,,1.0402255069590465,0.12338711677518699,-3.66519822393098,0.010164682388161886,3803,39,60,31-60,55.019058334681446,14.521774555977338,10.297225497428425,12.289999961853027,,,0.471712941856355,0.5501905833468145,False,False,4
MARA,O:MARA250620C00025000,25.0,call,2025-06-20,0.18,,,1.0707864229115072,0.10674799008070279,-3.3051797238286778,0.009169437788491407,30697,519,60,31-60,55.019058334681446,14.521774555977338,10.297225497428425,12.289999961853027,,,0.471712941856355,0.5501905833468145,False,False,4
MARA,O:MARA250620P00008000,8.0,put,2025-06-20,0.3,,,1.0606077517485386,-0.12495385292706346,-3.601055850412696,0.010254804207494281,4083,46,60,31-60,55.019058334681446,14.521774555977338,10.297225497428425,12.289999961853027,,,0.471712941856355,0.5501905833468145,False,False,4
MARA,O:MARA250620P00009000,9.0,put,2025-06-20,0.51,,,1.0453991277399204,-0.1832507123487851,-4.630196487528924,0.01322236810020617,2973,97,60,31-60,55.019058334681446,14.521774555977338,10.297225497428425,12.289999961853027,,,0.471712941856355,0.5501905833468145,False,False,4
MARA,O:MARA250620P00010000,10.0,put,2025-06-20,0.79,,,0.9811539455464304,-0.24773797706173473,-5.500345302069227,0.015758022555172935,7286,5585,60,31-60,55.019058334681446,14.521774555977338,10.297225497428425,12.289999961853027,,,0.471712941856355,0.5501905833468145,False,False,4
MARA,O:MARA250620P00011000,11.0,put,2025-06-20,1.17,,,0.9131988456262013,-0.31514252012889044,-6.156652164337997,0.017704500520082204,8744,373,60,31-60,55.019058334681446,14.521774555977338,10.297225497428425,12.289999961853027,,,0.471712941856355,0.5501905833468145,False,False,4
MARA,O:MARA250620P00012000,12.0,put,2025-06-20,1.64,,,0.9542228647852768,-0.3826735569698425,-6.582842209014999,0.019012847755511732,5888,44,60,31-60,55.019058334681446,14.521774555977338,10.297225497428425,12.289999961853027,,,0.471712941856355,0.5501905833468145,False,False,4
MARA,O:MARA250620P00013000,13.0,put,2025-06-20,2.16,,,0.9493156803149979,-0.44818336232945644,-6.789873961723533,0.019710928703771044,13932,5218,60,31-60,55.019058334681446,14.521774555977338,10.297225497428425,12.289999961853027,,,0.471712941856355,0.5501905833468145,False,False,4
MARA,O:MARA250620P00014000,14.0,put,2025-06-20,2.8,,,0.923916699974265,-0.510167750062355,-6.8048293639576825,0.019872387920534272,2970,275,60,31-60,55.019058334681446,14.521774555977338,10.297225497428425,12.289999961853027,,,0.471712941856355,0.5501905833468145,False,False,4
MARA,O:MARA250620P00015000,15.0,put,2025-06-20,3.53,,,0.9647570445294219,-0.567684382197845,-6.662143531205889,0.019592053692743173,4508,69,60,31-60,55.019058334681446,14.521774555977338,10.297225497428425,12.289999961853027,,,0.471712941856355,0.5501905833468145,False,False,4
MARA,O:MARA250620P00016000,16.0,put,2025-06-20,4.3,,,0.9832512440949491,-0.6202407091143948,-6.397569922643369,0.018968951079648324,3047,23,60,31-60,55.019058334681446,14.521774555977338,10.297225497428425,12.289999961853027,,,0.471712941856355,0.5501905833468145,False,False,4
MARA,O:MARA250620P00017000,17.0,put,2025-06-20,5.13,,,0.9626854323420287,-0.6676811126909052,-6.044510841042991,0.018095924155082672,5917,15,60,31-60,55.019058334681446,14.521774555977338,10.297225497428425,12.289999961853027,,,0.471712941856355,0.5501905833468145,False,False,4
MARA,O:MARA250620P00018000,18.0,put,2025-06-20,6.02,,,1.0036565993303581,-0.7100875530978651,-5.632114973763207,0.017054211388837514,2294,20,60,31-60,55.019058334681446,14.521774555977338,10.297225497428425,12.289999961853027,,,0.471712941856355,0.5501905833468145,False,False,4
MARA,O:MARA250620P00019000,19.0,put,2025-06-20,6.9,,,1.0098215912543043,-0.7476987935309143,-5.184568080255076,0.0159113757274977,1819,56,60,31-60,55.019058334681446,14.521774555977338,10.297225497428425,12.289999961853027,,,0.471712941856355,0.5501905833468145,False,False,4
MARA,O:MARA250620P00020000,20.0,put,2025-06-20,7.97,,,1.0748642365059349,-0.780848306360049,-4.721118565045239,0.014721308595940586,2722,11,60,31-60,55.019058334681446,14.521774555977338,10.297225497428425,12.289999961853027,,,0.471712941856355,0.5501905833468145,False,False,4
MARA,O:MARA250620P00021000,21.0,put,2025-06-20,8.9,,,1.0934594169699248,-0.8099186565592044,-4.256508237813259,0.013525383882823325,1046,17,60,31-60,55.019058334681446,14.521774555977338,10.297225497428425,12.289999961853027,,,0.471712941856355,0.5501905833468145,False,False,4
MARA,O:MARA250620P00022000,22.0,put,2025-06-20,9.6,,,1.1767492251489375,-0.8353093715177973,-3.8015886051880177,0.012354144740449758,1989,12,60,31-60,55.019058334681446,14.521774555977338,10.297225497428425,12.289999961853027,,,0.471712941856355,0.5501905833468145,False,False,4
MARA,O:MARA250620P00023000,23.0,put,2025-06-20,10.65,,,1.1472089225762836,-0.8574153079813756,-3.3639863650720674,0.01122913897053524,947,16,60,31-60,55.019058334681446,14.521774555977338,10.297225497428425,12.289999961853027,,,0.471712941856355,0.5501905833468145,False,False,4
MARA,O:MARA250620P00024000,24.0,put,2025-06-20,11.9,,,1.1367450536955148,-0.876612883224813,-2.948740168123199,0.010164682388161886,1758,11,60,31-60,55.019058334681446,14.521774555977338,10.297225497428425,12.289999961853027,,,0.471712941856355,0.5501905833468145,False,False,4
MARA,O:MARA250620P00025000,25.0,put,2025-06-20,12.25,,,1.2368141313736516,-0.8932520099192972,-2.558869249028905,0.009169437788491407,1495,1,60,31-60,55.019058334681446,14.521774555977338,10.297225497428425,12.289999961853027,,,0.471712941856355,0.5501905833468145,False,False,4
MARA,O:MARA250620P00026000,26.0,put,2025-06-20,13.7,,,1.2404970095630012,-0.9076520421476988,-2.195858576116426,0.008247764851172677,252,2,60,31-60,55.019058334681446,14.521774555977338,10.297225497428425,12.289999961853027,,,0.471712941856355,0.5501905833468145,False,False,4
MARA,O:MARA250620P00027000,27.0,put,2025-06-20,14.32,,,1.339838476875733,-0.9201004508991735,-1.8600592467732193,0.007400836101750378,321,3,60,31-60,55.019058334681446,14.521774555977338,10.297225497428425,12.289999961853027,,,0.471712941856355,0.5501905833468145,False,False,4
MARA,O:MARA250620P00028000,28.0,put,2025-06-20,15.67,,,1.324884561964275,-0.9308532846490023,-1.5510104008680345,0.006627535488438846,76,2,60,31-60,55.019058334681446,14.521774555977338,10.297225497428425,12.289999961853027,,,0.471712941856355,0.5501905833468145,False,False,4
MARA,O:MARA250620P00029000,29.0,put,2025-06-20,17.75,,,1.4001785267323372,-0.9401367357211129,-1.2676923752848441,0.005925166051432691,73,2,60,31-60,55.019058334681446,14.521774555977338,10.297225497428425,12.289999961853027,,,0.471712941856355,0.5501905833468145,False,False,4
MARA,O:MARA250620P00030000,30.0,put,2025-06-20,17.7,,,1.4385631152659781,-0.9481493351185306,-1.0087218354292276,0.005289996199161778,466,5,60,31-60,55.019058334681446,14.521774555977338,10.297225497428425,12.289999961853027,,,0.471712941856355,0.5501905833468145,False,False,4
MARA,O:MARA250620P00031000,31.0,put,2025-06-20,17.95,,,1.441225911892474,-0.9550644487457859,-0.7724992744567015,0.004717673293943475,545,6,60,31-60,55.019058334681446,14.521774555977338,10.297225497428425,12.289999961853027,,,0.471712941856355,0.5501905833468145,False,False,4
MARA,O:MARA250620P00032000,32.0,put,2025-06-20,19.65,,,1.4776350824363866,-0.9610328574528367,-0.5573182471425805,0.0042035304985652625,398,2,60,31-60,55.019058334681446,14.521774555977338,10.297225497428425,12.289999961853027,,,0.471712941856355,0.5501905833468145,False,False,4
